ID,final score,7017232: I am a gamer.,7017233: How many days per week do you game?,7017234: How often do you game in a team?,7017235: List the top 5 games you play with the most frequent first.,7017236: Does your gaming make you a better team player? How?,CODE,Gamer Group,gamer?,game days / week,team frequency,top 5 games,games essay,7017232: I am a gamer..1,7017233: How many days per week do you game?.1,7017234: How often do you game in a team?.1,"7017235: List the top 5 games you play with the most frequent first.
[game1]
[game2]
[game3]
[game4]
[game5]",7335381: I am a gamer.,7335382: How many days per week do you game?,7335383: How often do you game in a team?,"7335384: List the top 5 games you play with the most frequent first.
[game1]
[game2]
[game3]
[game4]
[game5]",7335385: Does your gaming make you a better team player? How?
1,5,True,1.0,Some of the time,"Apex Legends,Grand Theft Auto V,League of Legends,Minecraft,PUBG",Playing video games with my coworkers build community and strengthen team effectiveness.¬†,,Low Frequency,,,,,,,,,,,,,,
2,14,True,7.0,Most of the time,"World of Warcraft,League of Legends,Halo,Super Mario 64,any mmo","I believe that it can make you a better team player. Having to work together in World of Warcraft, our team of 20 plus people working on killing the hardest bosses the game has to offer creates bonds and skills to improve together. With League of legends, it is imperative that you work together with your team in some manner even if it is a more toxic environment at times.¬†",,High Frequency,,,,,,,,,,,,,,
3,16,True,3.0,Some of the time,"Minecraft,Final Fantasy,South Park: TSoT or TFbW,Dishonored,Wunderling","I usually play alone, but I do enjoy coop games. In those, communicating about strategy and goals does make for better teamwork",,Low Frequency,,,,,,,,,,,,,,
4,18,True,7.0,Some of the time,"Resident Evil 4,FortNite,Medal of Honor Above and Beyond,Phantom Covert Ops,Arizona Sunshine","It does, especially with regard to strategic games. Additional games I enjoy partaking in are Star Wars Tales from the Galaxy's Edge, Contractor$, MVP Football - The Patrick Mahomes Experience, Vader Immortal Episode 3, and Onward.",,High Frequency,,,,,,,,,,,,,,
5,20,True,7.0,Some of the time,"Minecraft,Animal Crossing New Horizons,Pokemon Shining Pearl,Stardew Valley,Cookie Run Ovenbreak","Most of the games I play are single-player, and those that aren't necessarily, I will often play alone due to schedule conflicts with my friends or differing play styles. I think if I played more team-based games, this would be the case. However, as it stands I'm not sure there's too much of a difference.¬†",,High Frequency,,,,,,,,,,,,,,
6,26,True,4.0,Some of the time,"rocket league,minecraft,battlefield,mini metro,destiny 2","Absolutely, particularly in rocket league and battlefield.

For me, a usual rocket league game is played with teammates that I have never played with before. There is also no voice communication in-game, so I communicate with my teammates in three ways, the first being the in-game chat using preset messages. The second way is through ""body"" language, by which I mean this: when I see a teammate move their in-game character a certain way in reaction to the current situation in-game, I can get a good idea of what they are planning to do next. The third way is knowing the unwritten rules that the community (loosely) follows. Of course, each individual player's body language and general play-style is different, so for each game I must adapt to how my teammates play. This translates generally to learning how to work with people in the real world.

It is similar for battlefield: I am usually playing with people I have never played with before. A typical game is myself and about 60 other players versus a similarly-sized second team. Teams are divided into squads of about five people. The best squads usually have at least one person filling each of four in-game roles with different specializations. I work together with my squad alongside the other squads on my team to capture and defend various objectives spread throughout the map. Ultimately, this game is won and lost by squads, not individual players. A skilled player loses to a squad of mediocre players, but a squad of skilled players cooperating is very hard to beat. Similarly, an excellent programmer reaches their full potential only as part of a team.",,High Frequency,,,,,,,,,,,,,,
7,31,True,7.0,Most of the time,"Apex Legends,Valorant,Halo Infinite,Slay the Spire,Minecraft","Yes, I believe that playing video-games has made me a better team player. The games that I play¬† require a high degree of teamwork, and more importantly have taught me to be much kinder and understanding of other's idea's and mistakes.",,High Frequency,,,,,,,,,,,,,,
8,37,True,2.0,Most of the time,"FIFA,Madden ,NBA 2K,Call Of Duty,Fortnite","Yes, communicating to win in any game like NBA 2k on defense when we want to get a stop or Fortnite to communicate where someone is so we can all get a win or needing any resources for health, materials,etc.¬†",,Low Frequency,,,,,,,,,,,,,,
9,39,True,5.0,Most of the time,"Age of Empires 4,Counterstrike Global Offensive (CSG0),League of Legends,Deep Rock Galactic,Foxhole","Yes, very much so.¬† I have competed as part of one of our school's CSGO and League of Legends teams.¬† In playing on these and times before this, I grew a lot by learning methods of communication, and what types of communications breed success.¬† Having a joint goal in mind but still being able to work as an individual, for example, were some things I picked up on. Some more...

-Picking up group morale

-Being able to delegate

-Expectations for members of your team

-Well placed criticism

-Setting realistic goals¬†

-Importance of discussion (as opposed to bottling feelings or not having an environment not conducive to well meant discussion)",,High Frequency,,,,,,,,,,,,,,
10,44,True,1.0,Most of the time,",League of Legends,,,",Yes gaming does make me a better team player. The only way to win the game is to cooperate as a team and obtain objectives as a team. It is extremely difficult to win when a player is uncooperative.,,Low Frequency,,,,,,,,,,,,,,
11,45,True,5.0,Most of the time,"Genshin Impact,Destiny 2,Hearthstone,Apex,Binding of Issac","You have to understand that when gaming in a team you aren't trying to just win for yourself, you are shooting for a shared goal. Reframing your mind this way allows for people in the group to tackle parts of a problem individually and use their talents and experience to perfect their given part, instead of everyone struggling to do everything. You can split tasks and let everyone focus on their strengths and use teamwork to solve in game problems instead of brute force.",,High Frequency,,,,,,,,,,,,,,
12,55,True,7.0,Some of the time,"The Legend of Zelda: Breath of the Wild,Magic: The Gathering,Destiny 2,New World,","It makes me a better team player in that I'm much better at getting used to teams and working together quickly.¬† This is very important, especially while raiding in D2.¬† However, it also does make me much more wary of new members of teams, as randomly assigned teams in gaming often results in at least 1 terrible person who you hope to never have the misfortune of meeting again.",,High Frequency,,,,,,,,,,,,,,
13,70,True,3.0,Some of the time,"tis-100,snowrunner,wrench,amid evil,team fortress 2","Most games I play are single-player because I don't love the stress of people depending on me when I'm trying to relax.¬† I figure I'll get enough of that in school and work.

Sometimes I play Team Fortress 2, an online team-based objective-driven first person shooter, and I almost always play as the Medic class, (a support character).¬† It's a role where I depend on another player or players to protect me and deal damage to enemy players while I keep them alive with a healing beam.¬† It's important to prioritize who to help, but also to spread healing around, so it's a perpetual balancing act which requires awareness and communication.¬† Over time, ubercharge builds (temporary invincibility) which I can use that to coordinate a push towards an objective with my team.¬† It's a good challenge which requires constant awareness of the game state and communication with team members.¬† It's kinda stressful, but very rewarding when done right.",,Low Frequency,,,,,,,,,,,,,,
14,70,True,1.0,Most of the time,"Apex Legends,Fifa,Ghost of Tsushima,,",Yes. I am forced to communicate with my teammates if I want to win most of the time.,,Low Frequency,,,,,,,,,,,,,,
15,74,False,1.0,Half of the time,"NBA 2K,FIFA,Call of duty modern warfare,Witcher 3,Batman","It definitely has the potential to make you a better team player but in the environments, I have been the teams have been very toxic.¬†",,Low Frequency,,,,,,,,,,,,,,
16,75,True,5.0,Most of the time,"Rocket League,Counter Strike : Global Offensive,Slay the Spire,Insurgency Sandstorm,Escape from Tarkov","Yes, there are many roles that need to be filled on a team -- regardless of the activity. Each role provides a service for the team to help it towards it goal. Participants are better at some roles while worse at others¬† -- it is advantageous for the unit if the individual recognizes and plays towards their strengths. In addition, people can more easily learn new roles or improve in them with the constructive guidance of a teammate. In theory, the collective strengths of the individuals empowers the team by fulfilling obligations and meeting targets while negating weakness and improving overall comprehension.

¬†

This stuff is obvious when watching professional gaming teams and it has improved my gaming as well as improved my teamwork IRL.¬†",,High Frequency,,,,,,,,,,,,,,
17,76,True,6.0,Most of the time,"valorant,league of legends,monster hunter,,","I don't think so, maybe I misunderstood, in league of legends you play in a team, but it's a team of strangers without much communication, it's less a team and more five people who aren't necessarily working against each other. In order to improve you need to work around what your teammates are doing but online gaming as a team is different than working in a team on a project, a lot of times when on a team game you're encouraged to be the most selfish player, which I don't think helps make you a team player. granted playing with friends is completely different I just¬† usually only play with one two friends so the majority of my teammates are random people..",,High Frequency,,,,,,,,,,,,,,
18,76,True,7.0,Half of the time,"Battlefield 2042,Pogostuck,Rainbow Six: Siege,Minecraft,Red Dead Redemption 2","In some ways it does. Most games I play are more for fun and much less competitive, but rainbow six: siege is a great game to improve teamwork.",,High Frequency,,,,,,,,,,,,,,
19,77,True,3.0,Always,"Call of Duty: Cold War,Call of Duty: Warzone,Grand Theft Auto 5,Fortnite,No Mans Sky","I don't game a ton, I play primarily as a way of keeping in touch with some friends from back home (I'm from New Jersey). The game we play the most by far is Warzone and is very much a team based game. In order to stand a chance against other squads we have to always be communicating and helping each other. I find that if I get impatient with my team and push into a fight too early I almost always end of dying. However when everyone is on the same page and we take a few seconds to plan our approach we can usually win the fight. Playing Warzone has taught me how to communicate with my team and lean on each other's strengths. I might be better in close quarters fights whereas my friend is really good at sniping, so when we are deciding how we are going to push an enemy team we take that into account. The same is true for any sort of group project. Planning out how we are going to approach the problem and assigning roles based on individual strengths makes the project go much more smoothly and produces better results.¬†",,Low Frequency,,,,,,,,,,,,,,
20,77,False,0.0,Never,"Breath of the Wild,Minecraft,Pokemon,NA,NA",No. Play solo games.,,Low Frequency,,,,,,,,,,,,,,
21,77,True,5.0,Some of the time,"New World Online,Destiny 2,Runescape,VTM: Bloodlines,Pokemon","Gaming has definitely made me a better team player as you have to get used to and proficient at communicating with others to do many raids, as well as do things like manage a guild. Most destiny content is meant to be done in groups and a group with poor communication can rarely finish a raid as many of the mechanics require coordination to prevent a wipe.",,High Frequency,,,,,,,,,,,,,,
22,78,True,7.0,Most of the time,"Halo 5,Escape From Tarkov,Forza Horizon 5,Overcooked,Battlefield 2042",I would say that gaming does make me a better team player. Understanding my role and my teammates roles' helps with playing to my strengths and utilizing my teammates strengths.¬†,,High Frequency,,,,,,,,,,,,,,
23,78,True,1.0,Some of the time,"Mario Kart,Super Smash Bros,Crawl,Speedrunners,Screencheat",I stopped playing alot of video games after middle school. The ones I do have anymore are usually you verses your friends so not much communication. But in the past I used to do I would say so because communication was such an important element. Playing a video game without a microphone I feel is a big disadvantage.¬†,,Low Frequency,,,,,,,,,,,,,,
24,78,True,5.0,Most of the time,"Apex,Overwatch,Minecraft,Valorant,Guild Wars 2","Certainly, I've played and coached Overwatch for over 3 years now and learned a lot about team dynamic in a fast paced game. Because I also coach, I often get to see this from a third person perspective as well.¬†",,High Frequency,,,,,,,,,,,,,,
25,79,True,2.0,Some of the time,"Civilization,Assasins Creed,Halo,Age of Empire,dues ex","Not really, never got into multiplayer games.",,Low Frequency,,,,,,,,,,,,,,
26,79,True,2.0,Half of the time,"Call of Duty: Modern Warfare,grand theft auto V,call of duty Call of Duty: Warzone,Fifa,God of War",I think yes because most of my favorite games require good team skills.,,Low Frequency,,,,,,,,,,,,,,
27,79,True,7.0,Some of the time,"League of Legends,Minecraft,Genshin Impact,Witcher 3,Borderlands 2","Sometimes, I'll either play really well and work as a coordinated team or everyone will just do their own thing and wont even type to each other. Overall I would say no though, because I usually like to be solo and do my own thing.",,High Frequency,,,,,,,,,,,,,,
28,79,True,4.0,Half of the time,"7th Continent,Gloomhaven,Time stories,7 Wonders,Dungeons and dragons","Beyond a doubt, I particularly like co-operative scenario based games, or semi-co-operative games. These particularly hone your skills to pick up on subtle social cues and read people, and work in a team",,High Frequency,,,,,,,,,,,,,,
29,80,True,4.0,Some of the time,"Sid Meier's Civilization VI,Sid Meier's Civilization V,Europa Universalis IV,Counter-Strike: Global Offensive,Skyrim","Most of the games I play are single-player. However, playing a decent amount of Counter-Strike it is obvious that good team coordination is better than just having one skilled player. Personally, my gaming style has not boosted my team player ability much simply because I do most often play single-player.",,High Frequency,,,,,,,,,,,,,,
30,80,True,7.0,Some of the time,"Pok√©mon,Fire Emblem,Monster Hunter,The Legend of Zelda,Super Smash Bros.","In a few ways, yes and no. In general, playing team games contributes to my tendency to pick up the slack where teammates are lacking. However, this often contributes to feelings of resent, where I often think to myself that I would be better off by myself. Though, this is often hit or miss, as being in a team makes it easier to project one's shortcomings onto the team.",,High Frequency,,,,,,,,,,,,,,
31,82,True,6.0,Always,"League of legends,Destiny 2,Genshin impact,Counter-Strike,Apex Legends",I think so. Most of the games I play are games that emphasize teamwork. Single-player games do not experience the joy of multi-player cooperation. It kind of focus me to have teamwork.,,High Frequency,,,,,,,,,,,,,,
32,83,True,2.0,Some of the time,"COD,fortnite,,,",I don't think my gaming has made me a better team player.,,Low Frequency,,,,,,,,,,,,,,
33,83,True,1.0,Half of the time,"MLB The Show,Rocket League,Call Of Duty,Fortnite,","Note - all my answers above are based on when I used to play video games, before starting school. Working full time and attending university don't allow me the time to play video games anymore. ANSWER: I enjoy video games more when I play with others. When I play by myself I get bored, things feel repetitive and I lose interest. To be honest, gaming with friends may be a way for me to hang with friends that don't live nearby, or that I don't see often. Winning, and losing as a team, laughing together and getting upset together is fun.",,Low Frequency,,,,,,,,,,,,,,
34,83,True,5.0,Most of the time,"rocket league,battlefield 2042,apex legends,counter strike,dark souls",Yes I think gaming makes me a better team player because when I am playing with my friends on a team we are always communicating to each other. Also even with you are without your friends games such as apex legends allow you to work with other random teammates which is very helpful as that will be the case in a working environment.,,High Frequency,,,,,,,,,,,,,,
35,84,True,3.0,Some of the time,"destiny2,valorant,borderlands 3,far cry,diablo2 resurrected",This is because communication with teammates is essential to win games that require strategies.,,Low Frequency,,,,,,,,,,,,,,
36,84,True,5.0,Most of the time,"Project Zomboid,Valorant,Rainbow Six Siege,Counter Strike GO,Minecraft",Gaming makes me a better team player because for most of the games I play playing as a team is essential to winning. I know how to coordinate a group of people in order to reach a common goal. I understand that each person must have their role in order have success as a group. I also know what it is like to be frustrated with team members but I know how to put that frustration aside and continue working together.,,High Frequency,,,,,,,,,,,,,,
37,84,True,3.0,Some of the time,"Dragon Age (Most recently Inquisition),Pokemon,Skyrim,Stardew Valley,Destiny 2","Sure, when I play Destiny 2! I pretty much only play single-player RPGs. When I play Destiny 2 with my brothers, we make a great team over Discord :)",,Low Frequency,,,,,,,,,,,,,,
38,84,True,5.0,Some of the time,"Star Wars fallen order,Grand theft auto 5,Minecraft,Crossword ,Team fortress 2",Gaming improves my team working skills by allowing me to work on effective communication and uses everyone‚Äôs strengths to the best of their ability,,High Frequency,,,,,,,,,,,,,,
39,85,True,7.0,Most of the time,"War of the Visions FFBE,Final Fantasy XIV,,,","Yes, my gaming makes me a better team player. In Final Fantasy XIV, I normally play as a healer. To complete most of the instanced content (such as dungeons, raids, etc.), the player has to be in either a preformed or random group. Every player has a role in the group, be it a tank, a healer, or a damage dealer. Each role has their part to play in order to complete the content. As a healer, I have to not only make sure I handle the dungeon properly myself, but I also have to make sure the other players stay alive in the content. Even further, the more each player optimizes how they play, the easier and faster it is to complete the content. I normally also have to work with the tanks and other healers (if there are others) to handle mechanics that require communication, such as if the tank is about to take a lot of damage and will require shields and healing. More specifically, I play as a ""shield healer"" so my role is to predict what is coming and mitigate the damage as much as I can, that way less is taken and therefore less actual healing is required. Lastly, I also play a bit of the other roles so that I can better understand the content from different perspectives. This allows me to be a better healer, because I know what to expect and how to handle it. The combination of all of these has helped me become a team player, as I have learned to complement, compromise, and communicate with the rest of the team.",,High Frequency,,,,,,,,,,,,,,
40,85,True,3.0,Some of the time,"League of Legends,Skyrim,Starcraft2,Fallout,",It can. It helps to be able to communicate clearly with your team. It makes for a higher success rate.,,Low Frequency,,,,,,,,,,,,,,
41,86,True,3.0,Always,"Counter Strike,Call of Duty Warzone,League of Legends,N/A,N/A","Yes, gaming tends to make me a better team player. In most of the games I play teamwork is encouraged and necessary to win. I have learned from experience that if there is major conflict among teammates or certain members of the team working alone it usually leads to losing.",,Low Frequency,,,,,,,,,,,,,,
42,86,True,5.0,Most of the time,"Valorant,League of Legends,Rocket League,Back 4 Blood,Enter the Gungeon","Yes, I would say gaming makes me a better team player. This is because it helps with communication, separate roles allow for versatility and there are specific tasks for each role, and team based games help with decision making based on what information you do and don't know.",,High Frequency,,,,,,,,,,,,,,
43,86,False,1.0,Half of the time,"Apex Legends,Outer Worlds ,Call of Duty,Rocket League ,Fallout: New Vegas","Yes, I think that working towards a common goal with another person over a multiplayer game builds communication skills. These skills are mostly patience and problem solving.",,Low Frequency,,,,,,,,,,,,,,
44,87,True,5.0,Half of the time,"Assorted Card Games,Assorted Board Games,Halo,The Binding of Issac,Assorted Fighting Games","In the past when I was more competitive about first person shooters, those games were the main place in which I developed cooperative skills.",,High Frequency,,,,,,,,,,,,,,
45,87,True,7.0,Most of the time,"Minecraft,Destiny 2,Call of Duty,Apex Legends,Cyberpunk 2077","Me, personally, it does. When I play the games that I play, I am trying win or reach an objective. And often when I fail, I look for what I can do better; learn the ins and outs of the game to win. Most of the games I play, the key component to winning games is teamwork.¬†",,High Frequency,,,,,,,,,,,,,,
46,87,True,6.0,Most of the time,"Super Smash Bros. Ultimate,Tom Clancy's Rainbow Six Siege,Minecraft,Splatoon (any of them\, I can't wait for the new one coming this year),Pokemon (way too much when a new installment comes out\, but not enough in between to be higher on the list)","I think it does make me a better team player.

Playing games, especially team based ones, let's you learn how properly working as a team can both make the game more fun for the entire team and make the entire team better at the game (or just get better results). Some things that I've learned about working in a team from gaming is that communication is key (when everyone knows what's going on and what the plan is, the team is much more likely to succeed) and that sometimes the role you would like to play isn't always the role that your team needs, but you should switch roles when there is a role that isn't as much fun/easy as the others. You can't always be the main damage guy who gets to go in guns blazing shouting ""LEEROY JENKINS!!!"" as you go. Sometimes you have to play the healer that stays back and make sure everyone is healed up and ready to go, and that's okay because it leads to a healthy team environment while maintaining the required balance to make the team succeed. Gaming has almost made these concepts second nature to me and I think that makes me a good team player.

Side note: I've never really thought about whether being a gamer helps with being a team player or not, but it feels kind of obvious now that it does. Thanks for the reflective question!",,High Frequency,,,,,,,,,,,,,,
47,88,True,3.0,Never,"TF2,Battlefront 2,BF4,BF5,Titanfall 2","Since I do not typically play with others, gaming has not done anything to make me a better team player.",,Low Frequency,,,,,,,,,,,,,,
48,88,True,3.0,Half of the time,"Monster Hunter Rise,League of Legends,Breath of the Wild,Animal Crossing,","Yes! It teaches me to take losses in stride, admit and learn from my mistakes, and recuperate with a fresh attitude for the next round!¬†",,Low Frequency,,,,,,,,,,,,,,
49,88,True,3.0,Some of the time,"Halo,Escape from Tarkov,Battlefield,Minecraft,Indie games",I think so. When I'm working in a group it usually comes a little easier to delegate tasks just like when I'm gaming.,,Low Frequency,,,,,,,,,,,,,,
50,88,True,1.0,Never,"pikmin 3,kirby star allies,katamari damaci,super mario bros,mario kart","not all the games i play necessarily, but the ones that use teams make me one because katamari for example requires you to work with others so you can collect the largest possible trash pile",,Low Frequency,,,,,,,,,,,,,,
51,89,True,3.0,Some of the time,"Rocket League,Forza Horizon 5,Halo Infinite,Forza Horizon 4,COD","Yes, because through gaming you are using the same fundamental soft skills that are also used in team collaboration. When you're gaming in a group, you require organization and good communication skills to ensure your team is successful. The same requirements are needed for any team project to be successful.¬†",,Low Frequency,,,,,,,,,,,,,,
52,89,True,7.0,Half of the time,"Overwatch,League of Ledends,Apex,Monster Hunter,Genshin","Yes, it does. Sometimes I need to take the time to do the most damage with my teammates.",,High Frequency,,,,,,,,,,,,,,
53,89,False,0.0,Never,"Minecraft,Fossil Fighters,,,",No.,,Low Frequency,,,,,,,,,,,,,,
54,89,True,5.0,Most of the time,"Risk of Rain,Overwatch,Minecraft,Pokemon,Siege",Yes I think it does make me a better team player because for a couple of semesters here at CSU I was on the esports Overwatch team and it helped me to communicate more with others and learn more about the game from others rather than just figuring it out by myself. It helped me to not just rely on my skill alone but on others as well.,,High Frequency,,,,,,,,,,,,,,
55,90,True,6.0,Most of the time,"Star Wars Galaxies,Apex Legends,Stardew Valley,Black Desert,Resident Evil","Absolutely. Apex legends has a ranking system. For a long time, I was stuck at my rank while playing mostly solo. I finally decided to start using my mic and communicate with my teammates. I saw instantaneous improvements, and upped my rank in no time. It is clear that a team of medium-skill players that are all on the same page will always win against a high-skill solo player.",,High Frequency,,,,,,,,,,,,,,
56,90,True,5.0,Never,"13 Sentinels,Danganronpa,Death Stranding,HITMAN,Red Dead Redemption","No, because I never play on a team and I don't learn skills from video games.",,High Frequency,,,,,,,,,,,,,,
57,90,True,6.0,Most of the time,"Animal Crossing,Fortnite,Pokemon,GTA,Other","Some games more than others, make me a better team player, yes.

¬†

For example:

In Fortnite, I work in a team to defeat everyone else and ultimately win the game, being a clear, nice, and concise communicator is key to success.¬†

In Animal crossing, there may not be much communication needed as there is no specific end goal, but when playing with friends, we tend to work together to help one specific individual complete a goal. Essentially helping one another get ahead or complete a project.

In Pokemon, most of the time I play by myself, but with this, I can strategize and improve on my own and later on take into account feedback from my friends who also played the game solo. This improves both of our knowledge and I'm able to learn a lot more quickly when talking with my friends about the same games we play which incentivize me to ask for details in the future, ultimately reminding myself that team knowledge is more powerful than individual knowledge.

¬†

When it comes to solving problems and communicating effectively, depending on the video game, you can learn a lot of techniques that can help with real-world situations in addition to helping with social skills.",,High Frequency,,,,,,,,,,,,,,
58,91,True,4.0,Some of the time,"Borderlands 3,Forza horizon 5,Grand Theft Auto 5,Binding of Isaac,Minecraft",I believe it does in some ways. Usually you have to communicate very well and think on the fly while you're achieving a common goal. It's important that everyone knows their roles and how they fit into the team.¬†,,High Frequency,,,,,,,,,,,,,,
59,91,True,4.0,Some of the time,"Total War Warhammer,Stellaris,Mobile Games(Various),League of Legends,Final Fantasy","Considering that I rarely play with multiple people, and the people I play with are usually friends that I work well with, it probably doesn't have an effect one way or another for me.",,High Frequency,,,,,,,,,,,,,,
60,91,True,3.0,Most of the time,"call of duty,Minecraft,rocket league ,rally car,lost man sky","Yes, gaming as a team teaches you to work as a team and when obstacles are too large it teaches one how to distribute the work load in order to accomplish the task.",,Low Frequency,,,,,,,,,,,,,,
61,91,True,6.0,Half of the time,"God Of War,Super People,Far Cry 6,Call of Duty,Monster Hunter",Yes. There is much strategy needed in many multiplayer games.,,High Frequency,,,,,,,,,,,,,,
62,91,True,7.0,Half of the time,"Tom Clancy's Rainbow Six Siege,Skyrim,Minecraft,League Of Legends,Dark Souls","I would say that gaming does assist myself with being a better team player. Team games are based on working with others to complete a goal typically against another team. This experience can apply to the real world of many instances where you can be thrown into a group of people and have to solve a problem.

I do think team gaming can go either way with what people take away from the experience. With any team work there are bad habits that could be picked up from the anonymity of online gaming combined. It would depend from person to person if gaming assists them in becoming a better team player.",,High Frequency,,,,,,,,,,,,,,
63,91,True,3.0,Most of the time,"Nba2k,Madden ,Rocket League,Battlefield,Valorant","It tends to from time to time, depending on the people you are working with, you're only as best as your weakest member of the team, so everyone needs to be pulling their weight, also getting along with your team. You gain nothing with arguing but with proper discussion and discourse.",,Low Frequency,,,,,,,,,,,,,,
64,91,True,4.0,Most of the time,"Dark Souls,World of Warcraft,Deep Rock Galactic,Risk of Rain 2,Call of Duty","I think so. I tend to play games that rely heavily on cooperation and coordination. I love the camaraderie of beating that next boss, completing the raid, and sharing in the celebration of overcoming the challenge. I also love to share my experiences with others, it wouldn't quite be the same to beat a difficult challenge solo and tell folks about it afterwards. I like having my friends along for the ride too.

More to the point, I'm not sure it is gaming itself that makes me a better team player, not in any sort of ""training up my cooperative skills"" sort of way. I think I have a tendency to prefer sharing my in-game successes with others, and that is what drives me toward being a team player.

(Also on Question 2 above, that answer is only accurate when school isn't in session. During the semester I may sit down for some gametime on a free Sunday but I prefer to keep my external distractions to a minimum!)",,High Frequency,,,,,,,,,,,,,,
65,92,True,7.0,Half of the time,"VRChat,Warthunder,Monster Hunter Rise,Squad,Ready or Not",My gaming makes me a better team player as it helps develop my ability to work with others on a shared goal with static and ever changing team mates. The games I have played have also taught me how to deal with client requests and determine what a client really wants with their request.,,High Frequency,,,,,,,,,,,,,,
66,92,True,5.0,Most of the time,"Age of Empires IV,Hunt: Showdown,Rainbow Six: Siege,Rust,League of Legends",I'd say it improves communication quite a bit and you learn to be more forgiving of losses when you can see the games where you have been the one to cause a loss as well. I'd say it overall improves your ability to be a team player.,,High Frequency,,,,,,,,,,,,,,
67,92,True,2.0,Most of the time,"Rainbow Six,Apex,Dead by Daylight,Destiny,Call of Duty","I believe that gaming does make me a better team player because it requires me to give precise information that all my teammates¬† can comprehend , as well as work along side them and trust them when executing plays.",,Low Frequency,,,,,,,,,,,,,,
68,93,True,3.0,Most of the time,"Magic The Gathering: Arena,League of Legends,Apex Legends,Dead by Daylight,",I would like to think it makes me more considerate of how my individual actions could affect the outcome or experience for my teammates.,,Low Frequency,,,,,,,,,,,,,,
69,93,True,7.0,Most of the time,"Apex,Rocket league,Assassins Creed,Brawhalla,","I would say depends. Since the game I play the most depends on teamwork, yes. At the same time if you play with a random teammate and they are not doing their share of the work then I have to step up my work and trust my partner less.",,High Frequency,,,,,,,,,,,,,,
70,93,True,2.0,Half of the time,"FIFA,call of duty,Arcade games,mario,clash royale",Gaming does make you a better team player because it helps you learn how to work together in order to accomplish a task more efficiently.,,Low Frequency,,,,,,,,,,,,,,
71,93,True,7.0,Most of the time,"Halo,League of Legends,Pokemon Unite,Pokemon Go,Raft","I believe it can help. I think it helps me communicate better. I also believe I am able to take in the information from other team members and use it effectively. It has also taught me patience and humility. I realize some people arent up to the same speed as me, and I am not as good as others.¬†",,High Frequency,,,,,,,,,,,,,,
72,93,True,5.0,Some of the time,"Monster Hunter: Rise,Monster Hunter: World,Breath of the Wild,Valheim,Animal Crossing","I believe gaming has made me a better team player. In a game, you are often tasked with completing an objective within a certain time frame.¬† Achieving your objective requires you to collaborate and communicate clearly with other players. Gaming lets you practice those skills with your friends or a group of strangers.¬†",,High Frequency,,,,,,,,,,,,,,
73,93,True,5.0,Most of the time,"Minecraft,Apex Legends,Halo Infinite,Overwatch,Titanfall 2",I do believe gaming can make me a better team player. I have been playing Apex with two close friends for a couple of years and as we've all continued to improve we have gained a better understanding of each other's strengths and weaknesses. This has allowed us to function better as a team within games. We also trust each other to help when we need it and that definitely is true outside of gaming too. The more I work on an activity with someone the better I can effectively work with them and we can get things done faster and better than before.,,High Frequency,,,,,,,,,,,,,,
74,93,True,7.0,Most of the time,"Escape From Tarkov,CS GO,Rocket League,Forza Horizon 5,Brawlhalla","Yes, in CSGO and most other team games you can not always win by yourself. You need to work as a team to win. Also, it makes me a better team player because I need to interact with many different people and not cause conflict because the conflict in a team is a quick way to lose the game.",,High Frequency,,,,,,,,,,,,,,
75,94,True,6.0,Most of the time,"Halo Infinite,Clash Royale,Call of Duty,Super Smash Brothers Ultimate,Minecraft",Yes mostly because the players in the team might be better at something than others and we could combine each others skills to accomplish a common goal to win.¬†,,High Frequency,,,,,,,,,,,,,,
76,94,True,3.0,Some of the time,"Smash Bros ,Sea of Thieves,World of Warcraft,Mario Kart,Diablo 3","Depends on the game and community. Some games value teamwork and respect for others, while some are restrictive and toxic. In a respectful environment, teams work together and coordinate to win the game, which teaches sportsmanship and collaboration with others. In a not so respectful environment, it can discourage people from working with others and have a negative impact on your personal confidence with others. For me it definitely makes me a better team player as I try to work with others.¬†",,Low Frequency,,,,,,,,,,,,,,
77,95,True,4.0,Most of the time,"Brawlhalla,Fortnite,Clash of Clans,Halo,","Yes, when I play games where I have teammates I need to be able to communicate with them so we can coordinate a strategy. It also teaches me that I cannot do everything myself all the time and that working with people can be very useful to accomplish big tasks.¬†",,High Frequency,,,,,,,,,,,,,,
78,96,True,5.0,Most of the time,"star wars battlefront 2,monster hunter rise,dark souls 1 remastered,Halo Infinite,Persona","It teaches me how to communicate better and convey thoughts in a more precise manner. It helps me learn the strengths and weakness of my team members, allowing me to play to their strengths and make up for their weaknesses and vice versa.¬†",,High Frequency,,,,,,,,,,,,,,
79,96,True,5.0,Half of the time,"Rocket League,Apex Legends,Call of Duty,Minecraft,Rogue Company","My gaming makes me a better team player, because I almost always play games with a team. It has taught me that in order to be successful in a team environment communication is the #1 factor. Without communication your team will fall apart and lose. Sure you can still win with out communication, but it is 100 times easier if you have communication.",,High Frequency,,,,,,,,,,,,,,
80,96,True,7.0,Most of the time,"World of Warcraft,League of Legends,Minecraft,Terraria,Skyrim","Yes, because in League of Legends, you have to be a team player to actually do well in the game, if you don't understand proper teamwork, you will likely get stomped by the enemy team",,High Frequency,,,,,,,,,,,,,,
81,96,True,7.0,Some of the time,"World of Tanks,Battle Brothers,Diablo II ,Stellaris ,Path of Exile","I think so.

Not listed, but League of Legends is probably more most played game (hours wise), clocking in at somewhere around 2,000+ combined hours. I played that game's ranked ladder extensively, climbing up to some of the higher tiers on the server. The game is entirely a team based game. You cannot play it alone and you cannot win alone. I played support classes and tended to focus primarily on keeping my team focused and working together, rather than trying to win by just being personally better or outplaying my opponents. People online can be... Well, difficult to get working together sometimes, but it was always my goal to reduce player toxicity and build team cohesion on the fly for every match.",,High Frequency,,,,,,,,,,,,,,
82,96,True,4.0,Half of the time,"Fortnite,Rocket League,Call Of Duty,Warzone,Fall Guys",When I am gaming with people I know it does make me a better team player. But when I am gaming with random people i match with it depends on how they act.¬†,,High Frequency,,,,,,,,,,,,,,
83,96,True,3.0,Some of the time,"Fortnite,Witcher 3,Battle for Middle Earth 2,Zelda\, Breath of the Wild,Skyrim",No.,,Low Frequency,,,,,,,,,,,,,,
84,96,True,3.0,Some of the time,"Hearthstone,Contractors VR,Monster Hunter ,Beatsaber VR,Table Tennis VR","In strategy games such as competitive FPS or RTS‚Äôs, there is insentive to be a good communicator. These games can teach you to work with others to accomplish a common goal. However, most online gaming I have done involve teaming up with random strangers. In this case it can be hard or impossible to work together and it‚Äôs often best to mute everyone‚Äôs mic and focus on your own strategy.¬†",,Low Frequency,,,,,,,,,,,,,,
85,97,True,1.0,Most of the time,"Terraria,League of Legends,Don't Starve Together,,","While I believe that team gaming requires extensive communication and teamwork skills, I do not believe gaming was responsible for fostering my abilities in those areas. Instead, the tendencies I already had towards communication and teamwork made gaming more involved and more fun. However, I do believe there are plenty of people for which gaming has helped develop teamwork skills.",,Low Frequency,,,,,,,,,,,,,,
86,97,True,7.0,Most of the time,"Destiny 2,League of Legends,Hades,Project Winter,Deep Rock Galactic","Absolutely! I main support in League of Legends, and the main responsibilities of the support role are to protect another player that you are laning with (and eventually the rest of the team as the game progresses) and to provide vision information to the rest of the team. You have to be able to quickly communicate information with other players that are not always seeing what is happening across the map, and you have to be able to work together with your lane partner to successfully survive attacks and farm gold. I focus on letting the team know how long until certain objectives spawn so we can plan a team attack, I grant vision so we can see enemies in fog of war and avoid (or prepare for) attacks, and I keep teammates alive during team fights. I may not do a lot of damage, but I save a lot of people. Support makes you focus on team needs throughout the game.",,High Frequency,,,,,,,,,,,,,,
87,97,True,3.0,Some of the time,"Arizona Sunshine (vr),Tribe XR (vr),Elven Assassin (vr),Luigi's Haunted Mansion (Game cube),Rival Schools (Playstation)","I believe that working in a group, in any regard, lends to better team players. I have participated in a few team sports and other competitive group activities that groomed us in becoming more equipped to work with others.¬†",,Low Frequency,,,,,,,,,,,,,,
88,98,True,1.0,Some of the time,",Mario Kart,,,","Not really these days, because my kids usually want to play against me. But years ago I would play a game called Unreal Tournament and the gametype my team played was Capture the Flag and that certainly made me a better team player. We had to get to know what position everyone felt most comfortable being to help our team succeed and it was a lot of fun doing that and seeing how things played out against other clans (teams).",,Low Frequency,,,,,,,,,,,,,,
89,98,True,1.0,Some of the time,"Super Smash Bros.,Chess,Pokemon BD,Rocket League,Rainbow Six Siege","Yes gaming has made me a better team player. I played more team based games when I was younger. I quickly learned that the team that communicated, worked together, and put their differences aside to focus on the objective was almost always the team that won.",,Low Frequency,,,,,,,,,,,,,,
90,98,True,7.0,Most of the time,"Terraria,League of Legends,Stardew Valley,Hollow Knight,Dark Souls III","Absolutely, League of Legends, the game I play the most, is a 5v5 team game. I have to work with my team extensively if I want to win. I have to set aside the differences in playstyle between me and my teammates and do what gives us the best odds of winning.",,High Frequency,,,,,,,,,,,,,,
91,98,True,3.0,Half of the time,"Spiderman PS4,Minecraft,Super Smash bros,Valorant,breath of the wild",Gaming with a team allows the players the opportunity to understand how each team member communicates. Some team members yell and some give helpful hints. Sometimes the best way to see a team members behavior is through putting them in a safe but stressful situation like a video game.,,Low Frequency,,,,,,,,,,,,,,
92,98,True,5.0,Most of the time,"Legion Tower Defense 2,Rocket League,Rust,Halo,World of Warcraft","Gaming makes me a better team player as it puts players with other players (some who they have no idea who they are) and forces them to work together towards a goal. This helps create leadership skills and team cohesion. Some games require certain members of the team to perform certain tasks in order for the group to succeed. This resembles development teams in the field, as each member of the team will be assigned a specific role depending on their strengths in order to allow the team to succeed.",,High Frequency,,,,,,,,,,,,,,
93,98,True,0.0,Some of the time,"League of Legends,Minecraft,PUBG,Age of Empire II,Dungeon Defenders",Yes,,Low Frequency,,,,,,,,,,,,,,
94,98,True,3.0,Some of the time,"Fallout 3,Minecraft,Skyrim,Fallout 4,Metro 2033","No, it makes it easy to blame other people cause you'll likely only see them once.",,Low Frequency,,,,,,,,,,,,,,
95,98,True,2.0,Some of the time,"Satisfactory,Destiny 2,Sea of Thieves,Omori,VRChat","I think so, especially in multiplayer games. It strengthens communication and strategy to accomplish a task. Specifically in Satisfactory, it takes a decent amount of coordination to ensure that factories are properly setup, efficient, and operational so that they are easy to follow in case we need to revise or revisit them. I have actually attributed this game to the coding habits ive been learning. I could throw down tons of machinery everywhere with connections flying all around the map and make it messy, but when I need to revise production lines to make new products, its more difficult to edit. Its easier to do it right and neat the first time.¬†",,Low Frequency,,,,,,,,,,,,,,
96,99,True,7.0,Some of the time,",Varies week to week,,,","Yes and no.

I've played a lot of kinds of games and sunk a lot of hours into them. For some games with optional cooperative elements (e.g. Dark Souls), cooperation can be a serious boon to help you overcome a particularly difficult obstacle. For more team-based games (think MOBAs or FPS) communication is critical to ensuring not only your own individual success, but (more importantly) the success of the whole group.

That said, gaming communities can be highly toxic. People often refuse to take responsibility for their own mistakes or failings, adopting the mindset of ""If we succeed, it's only because I carried the team"". This mindset is not sustainable, and can cause others on the team to be less invested in the success of the team.",,High Frequency,,,,,,,,,,,,,,
97,99,True,7.0,Always,"Halo,Valorant,OverWatch,COD,Star Wars: KOToR",Gaming shows me how lacking in communication can lead to losing rounds in a game.¬†¬†,,High Frequency,,,,,,,,,,,,,,
98,99,True,3.0,Some of the time,"Sid Meier's Civilization,Monster Hunter,The Legend of Zelda: Breath of the Wild,Odin Sphere,Adventure","Overall, yes. Gaming is an opportunity to practice real world skills and modern games are very collaborative. Take Monster Hunter as a example. The goal of that game is to capture/kill dinosaur-like monsters. A player is free to form a team (four person max) and must assume a role (Tank, DPS, Healer, etc). Success is predicated on communication and trust, the players must voice their actions and trust that the people on their team are able to carryout their respective task. In the real-world, Teams that communicate and trust each other are the ones that finish a project.",,Low Frequency,,,,,,,,,,,,,,
99,99,True,4.0,Most of the time,"The Witcher,Apex Legends,Horizon Zero Dawn,Civilization VI,Call of Duty","My gaming can make me a better team player. Battle Royale games like Apex operate under a squad system. We play with 3 players per squad, and I end up playing my favorite character, Gibralter. He isn't that fun to play with, but he is by far the best team player in the game. If you play him correctly, not only will you be able to survive a match, but you can ensure your squadmates do too.

I play a game called Civilization. While it is a single player game, solving your problems diplomatically and acquiring an ally can make the world of difference. Initially it feels as though you are giving up a lot for not, but later down the line you find that your allies will help you when times are hard, just like you did for them.",,High Frequency,,,,,,,,,,,,,,
100,99,True,5.0,Most of the time,"Civilization V,League of Legends,Skyrim,,","Yep, I play on the CSU Esports Assocation varsity League of Legends team. We compete in sponsored tournaments against other schools to win scholarship money. It's a 5v5 team-based game that requires constant communication and teamwork, and it's made me a better team player.",,High Frequency,,,,,,,,,,,,,,
101,99,True,6.0,Most of the time,"Monster Hunter Rise,Counter-Strike: Global Offensive,Forza Horizon 5,Halo Infinite,Dragon Ball FighterZ","I think it does to a certain extent, it makes me a better team player in team games, other teams such as work teams might not benefit to the same extent.",,High Frequency,,,,,,,,,,,,,,
102,99,True,7.0,Some of the time,"Super Smash Bros.,Minecraft,Stellaris,Bloons TD 6,Deep Rock Galactic","The impact of gaming on my ability as a team player varies wildly depending on the type of game. A game like Super Smash Bros. that focuses more on 1v1s and free-for-alls doesn't improve my performance in a team. However, other games that I play encourage or even require teamwork to be successful in the game. Examples of this include working together with other players on a Minecraft server to acquire and manage resources or allying with other player empires in Stellaris. Other games that I have played such as Rainbow Six Siege and Overwatch revolve around team-based strategies and communication to win matches. Although it's difficult to name a lesson that has come out of these experiences, I have found that playing games with a team has made me more comfortable with working with teams in school, work, and other environments.",,High Frequency,,,,,,,,,,,,,,
103,99,True,1.0,Some of the time,",Super Mario Brothers on the Wii ,,,",Not really because I usually play alone or just with my sister.,,Low Frequency,,,,,,,,,,,,,,
104,99,True,4.0,Always,"Hearthstone,Overwatch,Subnautica,World of Warcraft,League of Legends","Gaming certainly makes me a better team player; most of the games I am actively involved in have multiplayer as their central feature. In World of Warcraft, you have to coordinate to form groups, kill bosses, and participate in other content. These skills will carry over very easily to teamwork, ass planning and coordination are essential toward success in the game.",,High Frequency,,,,,,,,,,,,,,
105,99,True,3.0,Some of the time,"Diablo,Halo,Zelda,Spelunky,Any older Bioware title","It has been the case that I have been a good team player during multiplayer gaming in the past, but this is not always the case when I play multiplayer. Sometimes, I just want to contribute to an objective and will play some team-based arena style shooter (rather than a free-for-all); I won't necessarily know the people I am playing with which means I won't openly communicate to maximize effective play. I have probably had greater cooperative experiences outside of videogames as a free schedule to join others I know for cooperative play is always hit-or-miss, and being paired randomly with people is similarly hit-or-miss if a collaborative union forms. However, I will admit that being paired with random people in team-based games does offer me a plethora of considerations for promoting a ""helpful play style,"" and helps me avoid a singular biased perspective for what makes an ""ideal"" team strategy during play.",,Low Frequency,,,,,,,,,,,,,,
106,100,True,1.0,Most of the time,"Hell Let Loose,Madden,Hearts of Iron IV,Worms Revolution,Paladins",For the most part I find playing games individually quite boring. Being on a team is the fun part! Coordinating with friends on what roles to play and executing them effectively is what makes gaming fun and exciting. This is especially true in games like Hell let Loose and Paladins that both have an emphasis on team collaboration.¬†,,Low Frequency,,,,,,,,,,,,,,
107,100,True,2.0,Most of the time,"Hearthstone,League of Legends,,,","When I play with my friends our teamwork skills will be exercised more often but when I am playing with random teammates it is oftentimes safe to assume one person on my team will have the demeanor of a 13-year-old child so maneuvering around that takes some patience and wisdom.

So yes, I do think gaming helps be a better team player.",,Low Frequency,,,,,,,,,,,,,,
108,100,True,4.0,Half of the time,"Counter Strike Global Offensive,Rocket League,Ark,Borderlands,Minecraft","I think some of the games definitely do. The main team-based ones I play require communication and proper teamwork. In Rocket League you need to know what all is happening and if your teammates need to rotate out as well as when they're setting up a shot for you to take. CSGO requires tons of communication in regards to where the other team is, what is happening at any moment, as well as being able to rotate quickly to where you need to be.",,High Frequency,,,,,,,,,,,,,,
109,100,True,3.0,Half of the time,"Minecraft,Binding of Isaac,Overcooked,Don't Starve,Dicey Dungeons","I would say that gaming does make me a better team player. I have to learn to cooperate with the people I play with, usually friends. Everyone has their own abilities so we have to delegate wisely to perform tasks in games.",,Low Frequency,,,,,,,,,,,,,,
110,100,True,5.0,Never,"Xcom/Xcom2,Europa Universalis 4,Rimworld,Darkest Dungeon,Rouglites",I am not often in team games due to a weird schedule and being socially awkward and shy.,,High Frequency,,,,,,,,,,,,,,
111,101,False,1.0,Never,"Death Stranding,Ghost of Tsushima,Cyberpunk ,The Witcher,Final Fantasy","I only play video games where I don't have to communicate with other people. haha. I do that so much anyway, It's nice to be able to escape in a game without distractions from other robot humans.¬†",,Low Frequency,,,,,,,,,,,,,,
112,101,True,3.0,Half of the time,"Pokemon Brilliant Diamond,Pokemon Go,Eve Online,Destiny 2,Overwatch","Yes I believe that my history of gaming makes me a better team player. I have been playing games with friends ever since I was in high school (2007-2011). We used to play games over Xbox live and we always played games that were cooperative. I learned very early on that to win, there needs to be good communication and active listening. These 2 tools make me a better team player because it will keep the team first instead of ones own individual goals.¬†

¬†

I also only play games with friends that are strategy based. Recently it has been Overwatch/Pokemon Unite, but in the past we have played games like Left 4 Dead, or Gears of War in horde mode. However, whenever I would play games on my own, I try my best to play games that are truly solo games like most of the Pokemon games. I find it tough to enjoy games when you play with others who are not communicating or wanting to work together as a team.",,Low Frequency,,,,,,,,,,,,,,
113,101,True,4.0,Half of the time,"Valheim,Destiny 2,Civilization,The Witcher 3,Dark Souls","Gaming with others makes me a better team player because you learn to appreciate the knowledge/skills of others that you don't have. This allows you to learn both from them, and also to be more aware of what you don't know/can't do and when to let others take the lead.",,High Frequency,,,,,,,,,,,,,,
114,101,True,4.0,Some of the time,"No Man's Sky,Star Citizen,Microsoft Flight Simulator,Anno,Factorio","I think certain games that are crafted to encourage teamwork can certainly help develop proficiency in team dynamics. I play a lot of star citizen with a group of friend from around the world. The game really encourage experimental gameplay that is enhanced greatly by teamwork and role distribution. It also encourages individuals to play to their strengths within a group, leading to a sense of both individual and collective achievment.",,High Frequency,,,,,,,,,,,,,,
115,102,True,2.0,Half of the time,"Genshin Impact,League of Legends,Pokemon,Battlefront 2,Super Smash Bros","In a sense, I think that gaming helps me become a better team player (especially with people that I have never met before). In most team games, coordination is very key, and I think being able to problem solve and work together on the spot should make me a better team player. However, often times in these games, being a team player isn't essential and players can often play without any regard for the rest of the team. Overall, I think gaming definitely has helped me develop some skills that allow me to become a better team player.",,Low Frequency,,,,,,,,,,,,,,
116,102,True,2.0,Half of the time,"Portal 2,Minecraft,Halo 4,Cities: Skylines,Prophunt","Yes, it does. When playing as a team, we must work together to accomplish the task at hand. This requires strong communication and teamwork in order to do so.",,Low Frequency,,,,,,,,,,,,,,
117,102,True,4.0,Half of the time,"Deep Rock Galactic,Minecraft,Rounds,Satisfactory,Super Smash Bros.","I think it does because it teaches communication and patience, especially when I have to communicate to my teammates over a faulty network connection.¬†",,High Frequency,,,,,,,,,,,,,,
118,10,True,7.0,Always,"OverWatch,league of legend,Dreadhunger,Civilization6,CS go",It could make me a better team player because sometimes when u have a bad teammate u have to control your mood and try to carry your team. Sometimes when I'm throwing a game I need to mute someone's bad words that I can try my best without any influence.¬†,,High Frequency,,,,,,,,,,,,,,
119,51,True,6.0,Half of the time,"Minecraft,Super Smash Bros. Ultimate,Counter-Strike: Global Offensive,Fortnite,Valorant","In most ways, gaming does improve my ability to communicate with others and cooperate to achieve a specific goal. Counter-Strike is inherently a team-based game, where players need to verbally express information about where they're going, if they've encountered enemies, and if they have tactical information about the other team's whereabouts. Minecraft, on the other hand, is more about cooperation between players to help each other advance through the game and acquire better materials for building or survival. This can absolutely be done individually, but it is both more efficient and rewarding to cooperate. Both of these games encourage interaction among team members, and have helped improve my interpersonal communication skills significantly over the decade I've been playing them.",,High Frequency,,,,,,,,,,,,,,
120,65,True,3.0,Half of the time,"Dungeons and Dragons,Borderlands (series),Magic: the Gathering,Overwatch,fallout (series)","Absolutely, Dungeons and Dragons, while not a video game, is a cooperative team game. Even though the goal is to roleplay, communication and team play is the key to success. D&D is notorious for being chaotic and having moments where anything can happen, and working together to try and come up with a solution is often the only way to succeed. Overwatch is a team-based strategy FPS. It is entirely reliant on teamwork and coordination. I learned to adapt to how other players played and work together to win matches.",,Low Frequency,,,,,,,,,,,,,,
121,67,True,4.0,Some of the time,"Red Dead Redemption 2 ,Tenants (It's a home building game),Cyberpunk 2077,Call of Duty - Only Zombies,Civ 5","It depends, playing team games with a good regular team does. When you play regularly with the same group of people, you are focused on your team either winning or getting the furthest ahead instead of just yourself with random players. Currently, the only game I play as a team is Call of Duty Zombies and I play that with the same team usually. We have to communicate about what rituals we will be doing next, which includes who will be getting different parts. We also have to share loot in order to make sure everyone has around the same level of gun and armor. We have to because as we progress to harder levels if one of our team mate doesn't have the right equipment, they will go down significantly more making it harder for the rest of the team that has to go revive them. As a team, we also split who will be using their points to open doors to ensure not one person loses too much where they can't buy a newer gun or perks.¬†

¬†",,High Frequency,,,,,,,,,,,,,,
122,67,True,3.0,Most of the time,"Rocket League,Multiversus,GTA,Call of Duty,Ready or Not",Yes I think it can. Communicating with people on the game can be beneficial in a team style game. Also being able to take in communication from multiple different people at once to make informed decisions can translate into the real world as well.¬†,,Low Frequency,,,,,,,,,,,,,,
123,70,True,7.0,Half of the time,"Rainbow Six Siege,Rocket League,Fall guys,Minecraft,Halo Infinite","Yes. When working on a team, you have to be considerate towards your teammates in order to win. If you ignore them then you will likely fail. A good team knows the strengths and weaknesses of everyone on the team, and how best to use them to achieve the goal. You also get to know what you are good and bad at, by comparing yourself to your team. Without a team, you could not know your own strengths and weaknesses.",,High Frequency,,,,,,,,,,,,,,
124,70,True,7.0,Most of the time,"World of Warcraft,World of Warcraft,World of Warcraft,World of Warcraft,World of Warcraft","I am a competitive raider in World of Warcraft consistently ranking in the top 100 ""Guilds"" when clearing the new raids that come to the game. This takes a lot of preparation, planning and several minds to make consistent strategies and ensure each member is aware of what needs to be done. I also excel as an individual player ranking in the top several hundred players of whichever class I play. (Right now its a rogue :) )",,High Frequency,,,,,,,,,,,,,,
125,71,True,5.0,Some of the time,"Starcraft 2,Destiny 2,Super Auto Pets,Minecraft,Diablo 3","Yes, it helps learn efficient, quick, and clear communication while managing multiple tasks at once.",,High Frequency,,,,,,,,,,,,,,
126,73,True,7.0,Always,"War Thunder ,Apex Legends ,Call Of Duty ,Fortnite ,Halo","Yes because in most games it takes a whole team to win, rarely just one person, and why play if not to win.¬†",,High Frequency,,,,,,,,,,,,,,
127,74,True,7.0,Most of the time,"F1 22,CS:GO,NHL 22,Rocket League,Valorant","I do believe it makes you a better team player due to the trust and communication needed in many games now. I played for CSU's CS:GO team for a couple years and not only does having a team make you want to work harder for them, it also gives you a group of people around you who have similar interests. As you experience difficulty and good times together it gives you that much more motivation to be even better the next time around.¬†",,High Frequency,,,,,,,,,,,,,,
128,74,True,4.0,Half of the time,"No Man's Sky,Halo,Castle Crashers,Subnautica,Speed Runners",It only makes you a better team player if it is with friends. When cycling through random teammates just once then it not important to be there for your team. But when you have a connection with the teammates then it will make you a better team player.,,High Frequency,,,,,,,,,,,,,,
129,75,True,2.0,Always,"Fortnite,League of Legends,Valorant,Fall Guys,Animal Crossing","I do not believe so. I think that the environment of the gaming community has become so toxic that it is impossible to be an efficient communicator. Especially as a woman in the gaming community, I think that it has made me¬†more resentful of the men. The competitive environment of the games that I play can make it unpleasant to play with other people, and sometimes me. However, I think that more relaxed games make me a good team player.",,Low Frequency,,,,,,,,,,,,,,
130,75,True,5.0,Half of the time,"Payday 2,Clone Hero,Factorio,Call of Duty,Minecraft","On games that can be played with teams, we typically do perform better. Especially with a group of friends and not randoms that won't communicate. We're able to communicate where we are and what the enemy is doing for fighting games, or spread resource gathering and building with other games. I find that with Factorio, we can make really efficient builds when we're able to collaborate on multiple ideas for the factory.",,High Frequency,,,,,,,,,,,,,,
131,76,True,7.0,Always,"Star Wars Battelfront,Brawlhalla,Insurgency sandstorm,starbound,minecraft",I like gaming in teams a lot better. I'm much more of a team player and I'm not the biggest fan of solo games. I do play solo games every now and then but not as often as team based games.,,High Frequency,,,,,,,,,,,,,,
132,77,True,4.0,Always,"League of Legends,Valorant,Fifa,,",Probably. Learn to communicate. Learn what works and what doesn't when talking to teammates. Typically in my games my teammates are random people that I need to be careful not to upset or they will ruin the game,,High Frequency,,,,,,,,,,,,,,
133,77,True,5.0,Some of the time,"Multiversus,Super Smash Bros Ultimate,A lot of indie games,,","Not really. Any online, team-based games that I have played have consisted of a bunch of people doing their own thing, which isn't always the best environment for victory",,High Frequency,,,,,,,,,,,,,,
134,77,True,3.0,Some of the time,"Minecraft,Kenshi,Left 4 Dead,Xcom,Hearts of iron 4",Minecraft taught me how to divide tasks while still having enough awareness of what the other people are doing and how to do it to help if needed. I would say left 4 dead taught me to rely on people but most the time it has ended with me and my friends deciding it would be fun to kill each other.¬†,,Low Frequency,,,,,,,,,,,,,,
135,79,True,7.0,Most of the time,"League of Legends,Valorant,Rust,It Takes Two,Minecraft","I believe gaming has made me a better team player because I have experinced other players not doing there job during a team game. This has resulted in my development of a ""strong mental."" Which just means I can remain level headed and still work to win or complete an objective despite others bad performance.¬†

I've learned to be more supportive and encouraging rather than negative because if you're negative it will only make things worse.¬†",,High Frequency,,,,,,,,,,,,,,
136,79,True,2.0,Some of the time,"Rogue Legacy 2,Raft,The Forest,Poly Bridge 2,Batman: Arkham Origins","I believe that some of my gaming makes me a better team player. In some of the games I've played on teams such as Raft, I've had several occassions where it was easier to tackle and come up with fresh solutions to problems, which would have taken a much longer time to solve by myself. The occasional solo based game allows me to have a greater appreciation for how far I can get on my own versus working with a team, which I find enhances my future team experiences.",,Low Frequency,,,,,,,,,,,,,,
137,81,True,5.0,Some of the time,"Zelda: Breath of the Wild,Valorant,Bioshock,Last of Us,Rocket League","Gaming with a team builds skills like efficient and effective communication as well as coordination and encouragement. Success in team based games relies heavily on ability to enable your teammates to succeed. A good teammate will put there team's and teammate's success over their own individual performance, take responsibility for their mistakes and congratulate others on their successes. Playing on different teams, in different scenarios, requires adaptation to different team composition: adjusting to different players and strategies, learning quickly to utilize them together to get an advantage. Sometimes you must adapt to different roles depending on your team, filling positions that may be lacking to provide leadership, support, morale or guidance. All these skills are practiced when gaming as well as performance under pressure and determination to succeed.",,High Frequency,,,,,,,,,,,,,,
138,81,True,7.0,Always,"League of Legends,League of Legends,League of Legends,League of Legends,League of Legends","In video games I am extremely selfish. I always try to make a flashy play and sometimes end up losing my team the game. However in soccer in real life, I am a great team player. I think that playing team games overall has showed me that the team is far more powerful than the individual, although I think it is fun to be the one to make a flashy play sometimes.",,High Frequency,,,,,,,,,,,,,,
139,83,True,7.0,Half of the time,"Rocket league,Cyberpunk 2077,The Forest,League of Legends,Warframe","Yes. I've learned that doing anything with other people is more enjoyable than doing it alone. I have learned how to listen to other's advice without disregarding it and going in my own direction, and how to offer my own advice in a way that allows others to choose to follow it or now.¬†",,High Frequency,,,,,,,,,,,,,,
140,83,True,2.0,Most of the time,"Call of Duty,Fortnite,Back 4 Blood,Apex,GTAV","Sometimes I feel as though it makes me a better team player, however, the language used for gaming is vastly different than what I would consider to use in a professional setting.",,Low Frequency,,,,,,,,,,,,,,
141,83,True,7.0,Some of the time,"Chess,Magic: the Gathering,Civilization V,Minecraft,Pic-a-Pix","It does.¬† It teaches me how to communicate with my team members to decide on our goals and priorities, and make plans to accomplish our goals.¬† It also teaches me how to think about the interlocking progress of a team.¬† I get practice with teamwork from things like coordinating a battle plan involving both units of mine and those of my teammates in Civilization V, or deciding who will acquire various items for building something in Minecraft.",,High Frequency,,,,,,,,,,,,,,
142,84,True,2.0,Half of the time,"Warzone,OverWatch,Overcooked,Black ops 2,Hearthstone","Yes, I would think that gaming has helped my communication. I play team-based shooters most of the time so being able to communicate in real-time the situation keeps everyone on the same page. I try to be an active team member as much as possible.",,Low Frequency,,,,,,,,,,,,,,
143,84,True,3.0,Some of the time,"Valorant,Rocket League,CS:GO,,","I feel that this question can be answered with both a yes and a no. I think that many people who play video games end up sacrificing using that time to socialize with people and end up being a little bit socially illiterate. Conversely, gaming (especially in teams) can promote strategic thinking and teamwork.",,Low Frequency,,,,,,,,,,,,,,
144,84,True,3.0,Half of the time,"God of War ,Apex Legends,Hallow Knight,Elden Ring,Star Wars Knights of the Old Republic","Yes, gaming in a team is one way of practicing team work that you would otherwise not have.",,Low Frequency,,,,,,,,,,,,,,
145,85,True,7.0,Half of the time,"Chivalry 2,Risk of Rain 2,Blade and Sorcery,Insurgency: Sandstorm,Half-life: Alyx",Playing games effectively means working with others to accomplish various goals. Communication is the most important skill to utilize,,High Frequency,,,,,,,,,,,,,,
146,85,True,7.0,Some of the time,"N/A,FF14,N/A,N/A,N/A","It does! When we have to take on encounters that are otherwise impossible solo, we learn to work together in a coordinated ""dance"" to become victorious!",,High Frequency,,,,,,,,,,,,,,
147,85,True,7.0,Always,"Ark,Rust,Destiny 2,Wizard 101,The forest","Yes, because i learned to stick with my specific role in a team and help out where needed.",,High Frequency,,,,,,,,,,,,,,
148,85,True,2.0,Half of the time,"Elden Ring,Halo (All),Chess,Couch Co-Op Games,PUBG","As with most things, I'd say it's circumstantial and depends mostly on the perspective.

Yes - I used to play Halo 3 and compete on a professional level (i.e., sponsored team travel to tournaments with $25k+ prizes) and I would strongly agree that the communication skills, the ability to analyze (self/team/singular team members/other teams), and understanding scenarios present (in/out of game time, personality traits, mental states of team/opponents) contributed to my daily life outside of gaming for the better.

No - For any team activity to be successful, the individual knowledge/skills of the assignment/goal needs to be relatively close among team members. In gaming, even at competition level, the stakes/risks involved are fairly low I'd say and the knowledge/skill levels are able to categorized in tiers. Among teams away from gaming, with a far less clear tier system and livelihood tossed into the stakes, my experience of knowing how a team should be able to operate (even just fundamentally) can sometimes result in my team skills becoming more critical when team members aren't operating with a team mindset or the lack of effort is noticeably present among individual members.",,Low Frequency,,,,,,,,,,,,,,
149,85,True,7.0,Most of the time,"Destiny 2,Minecraft,No Man's Sky,Fortnite,Factorio","I do believe that gaming makes me a better team player. When playing with others, you often have to work together to complete goals and objectives. To do this effectively, it means you have to listen to each other, be reliable and do your part, help each other improve, and come up with solutions to problems you inevitably encounter. I think those aspects of teamwork are universal concepts and translate very well to other scenarios in life, like working on a group project.¬†",,High Frequency,,,,,,,,,,,,,,
150,85,True,2.0,Some of the time,"Stellaris,(Various mystery/detective games),Dragon Age,Stardew Valley,Hades","I'd say so, when I do play co-op or multiplayer games. Portal, for instance, requires two players to work together and theoretically not drop the other player into acidic sludge. Stardew co-op mode requires conversation on who is getting what and what to spend the pooled money on, such as whether to spend the money on a barn or coop or upgrade the house. Then there's always Overcooked or Surgeon Simulator or games along those lines that have definitely helped increase my patience when working with other people.",,Low Frequency,,,,,,,,,,,,,,
151,85,True,7.0,Most of the time,"Minecraft,Deep Rock Galactic,Apex Legends,Garry's Mod,Hunt Showdown","Gaming makes me a better team player. Normally I play with my friends in a game like Hunt Showdown where it is imperative that the team is cooperative and works as a single unit or else you will lose to a team that is better than you. Because of this I have a better sense of communication and when I play with random people, I play more effectively .",,High Frequency,,,,,,,,,,,,,,
152,86,True,3.0,Most of the time,"rust,valorant,apex legends,Insurgency: Sandstorm,raft","Yes, by being able to communicate more effectively as a team the more likely we are to win the game or battle.¬†",,Low Frequency,,,,,,,,,,,,,,
153,86,True,3.0,Half of the time,"GTA 5,League of Legends,MultiVersus,Rocket League,Risk of Rain 2","I believe the only reason I am good at working in a team is because of video games. You learn to trust another member of a team with a task, that you easily could have done, but it would have been less efficient because you were better than them at a different task. You learn to discover each others strength's and weaknesses and build a bond that gives you a huge advantage against others without the same chemistry.",,Low Frequency,,,,,,,,,,,,,,
154,86,True,3.0,Most of the time,"GTA,Valorant,Fortnite,,",Yes because you have to communicate what you are going to do in order to help the others on your team and be able to win.¬† You have to make choices that will benefit the team instead of ones that will only benefit you since you can't win alone in most of the games I play.,,Low Frequency,,,,,,,,,,,,,,
155,87,True,5.0,Never,"Valorant,League of Legends,Elden Ring,Rust,COD: Warzone","I mostly play team based games and have trouble relying on the randoms i get when it come to trying to achieve a higher elo or rank. Although they are randoms i still heavily use communication to gain the upper hand in matches. Having a preset team would help with the level of clarity in our communication, however there is a unsaid amount of pressure to constantly perform when playing with people you know. Competitive gaming is all about team communication and coordination, which directly translates into other team oriented activities.¬†",,High Frequency,,,,,,,,,,,,,,
156,87,True,2.0,Most of the time,"Rust,Team Fight Tactics,Minecraft,Fortnite,CSGO","Yes, playing games has helped me work better in teams since it has provided me with the experience of working in teams with various people and adapting to their strengths and weaknesses.",,Low Frequency,,,,,,,,,,,,,,
157,87,True,6.0,Half of the time,"Total War,Guilty Gear Strive,Destiny 2,Survival Games,Steam Games",I would say yes sometimes and no others. It really depends on the people you are with. It definitely teaches you how to handle some people that you are not the biggest fan of. Some games will also help you to divide up everyone's time to be the most efficient while also making sure you are getting the best thing available to you.¬†,,High Frequency,,,,,,,,,,,,,,
158,87,True,4.0,Most of the time,"Fortnite,Valorant,Sifu,Aimlabs,MineSweeper","It does because the game I play most frequently, Valorant, is a 5v5 first-person shooter. And I play ranked so everyone is competing so they can move up in rank. Comms are essential so we know where the enemy is and who is covering what strong points. So I recognize the need for constant communication and how if even one person is not in communication, then things can start to fall apart rapidly.",,High Frequency,,,,,,,,,,,,,,
159,88,True,5.0,Some of the time,"Old Mario Sports Games,Super Smash Brothers Ultimate,Counter Strike: Mobile Offensive,Pokemon,Valheim","I think I try to keep my personality while gaming separate of anything useful I do. It can be super collaborative environment and also really toxic and I have the tendency to be both and rude if my teammates aren't pulling their own weight; since in a video game, I can just find new teammates.",,High Frequency,,,,,,,,,,,,,,
160,88,True,1.0,Some of the time,"Miitopia,Animal Crossing,Undertale,Sims 4,Graveyard Keeper","I think so as gaming requires open communication and clear directions when in a team, although I usually play by myself.",,Low Frequency,,,,,,,,,,,,,,
161,88,True,2.0,Half of the time,"Valorant,2K,Fall Guys,Warzone,NHL","Yes, because it improves communication and working as a team can help complete goals/tasks easier.",,Low Frequency,,,,,,,,,,,,,,
162,89,True,7.0,Some of the time,"The Legend of Zelda: Breath of the Wild,Super Smash Brothers Ultimate,Mario Kart 8: Deluxe,Risk of Rain 2,Jackbox Party Pack","I feel like my gaming does make me a better team player because some games that I play require a lot of collaboration and communication in order to succeed. Multiplayer games are the most common example of this, but I recently played a puzzle game called The Witness that required me and my girlfriend to share ideas on how we could approach and solve some of the puzzles in order to progress. In my opinion, these games are made more fun with teamwork and collaboration.",,High Frequency,,,,,,,,,,,,,,
163,89,True,4.0,Half of the time,"Factorio,Rocket League,Smash Bros,SlimeRancher,Terraria","Yeah, you have to be able to adapt to scenarios on the fly, and correlate the new tactics with your team. Being able to be on the same page and all contribute is important",,High Frequency,,,,,,,,,,,,,,
164,89,True,4.0,Some of the time,"Minecraft,Super Smash Bros,Mario Kart,Pokemon: Arceus,Luigis Mansion 3","Yes, in Minecraft I learned how to communicate with my friends so that we can all do something important, like I would go and collect wool to make beds to sleep in. My friend Rose would kill animals and find materials like coal to make sure we don't die by starvation, and my friend Dalila would collect wood, dirt, stone so that she could start to build the house. I would also kill mobs when my friends would try and build the house. It was both fun and helpful knowing that as a team we got stuff done more efficiently and faster.",,High Frequency,,,,,,,,,,,,,,
165,89,True,5.0,Most of the time,"Guilty Gear,League of Legends,Minecraft,Elden Ring,Osu!","Just like any other team activity, gaming requires you to be communicative and cooperative with your team so yes, I believe my gaming makes me a better team player.",,High Frequency,,,,,,,,,,,,,,
166,89,True,0.0,Half of the time,"Prototype,Terraria,Fallout: New Vegas,Don't Starve,Sims 4","I have noticed that playing games with friends (particularly ones where I've somehow managed to end up as The One Who Knows How To Play) has helped me get more comfortable being in a leader role, and dividing up tasks based on what the group thinks needs to be done. Not something that comes naturally, for sure - especially remembering who is doing what and checking up on them if we haven't touched base for a while.

I'm unsure how this will translate into class, if at all, since the circumstances are so different.",,Low Frequency,,,,,,,,,,,,,,
167,90,True,3.0,Half of the time,"Fall guys,Fallout,Call of duty,Minecraft,Halo","Depends on the game. FPS makes me a worse teammate, but last man(or team) standing type of games makes me better",,Low Frequency,,,,,,,,,,,,,,
168,91,True,3.0,Some of the time,"The Last Of Us,Halo Reach,Skyrim,Stardew Valley,Overwatch","I don‚Äôt think it does, because gaming is more of an escapism and personal activity for me. I rarely play multi player games because of the incredibly toxic and sexist gamer community of multiplayer games, and when I do, I play exclusively to therapeutically mess with incel men who say incredibly inappropriate things to me by kicking their ass in a game. If games weren‚Äôt filled with the kind of man who will ask me to ‚Äúsuck his dick‚Äù the instant he finds out I am a female, maybe they would help me, but unfortunately, I don‚Äôt have the privilege of being a male gamer.¬†",,Low Frequency,,,,,,,,,,,,,,
169,91,True,4.0,Some of the time,"Minecraft,Factorio,CS:GO,MGS:V,Fortnite",Yes. It helps me communicate better with others when I am put into high intensity situations.,,High Frequency,,,,,,,,,,,,,,
170,91,True,5.0,Some of the time,"Battlefield,Baldurs Gate,PUBG,Elite Dangerous,Total War","Yes, the games I play that are in a team require efficient communication and trusting the other person to do their part.",,High Frequency,,,,,,,,,,,,,,
171,91,True,2.0,Some of the time,"Skate 3,GTA,Minecraft,Mario,Rocket League",Sure. If you want to win you work as a team which will make you a better team player.,,Low Frequency,,,,,,,,,,,,,,
172,91,True,3.0,Half of the time,"Stardew Valley,Sky: Children of the Light,Team Fortress 2,Ori and the Will of the Wisps,Spiritfarer","Not necessarily. I feel like playing games can make someone both a better or a worse team member. Playing games sets in habits, whether they're good for teamwork or not. With the anonymity of the modern internet, people are much more prone to acting rude and volatile (to put it lightly). Playing alone also wouldn't help build good team habits. The only circumstance where playing computer games could help team skills is with others AND being open to cooperation to begin with.

In short, playing games do not inherently make someone a better team member. I personally think physical games, specifically sports, does more for teamwork than computer games.",,Low Frequency,,,,,,,,,,,,,,
173,91,True,5.0,Most of the time,"Tetris,Rocket League,,,","I would say when I'm playing solo queue I am definitely not a better team player because I can't actually visualize that the people I'm playing with are real people or talk to them, so it allows me to get angry easier. However, when I'm playing in voice chat it does help because the tilt can get really bad and you have to be a good teammate to work through it. Pretty much the only game I play is Rocket League and I have thousands of hours at this point.",,High Frequency,,,,,,,,,,,,,,
174,91,True,4.0,Never,"terraria,Elden ring,minecraft,Mtg arena,sekiro shadows die twice",I don't really play team games so personally I don't think gaming makes me a better team player.,,High Frequency,,,,,,,,,,,,,,
175,92,True,2.0,Half of the time,"Breath of the Wild,Switch Sports,Jackbox,Overwatch,It Takes Two","Growing up, I had a lot of hyper-competitive friends. Because of this, usually when we played games together like Super Smash Bros or Mario Kart, it was just a matter of time before my competitive friends started to get mad because they were losing. I am someone who gets my fun from hanging out with my friends when they are all having fun. As a general principle, when I start losing in a game, especially a co-op game, that is when my sense of team morale is at its peak. I usually find the other person who is losing just as poorly and turn it into a ""losing together"" sort of situation, where hey, maybe we aren't the top of the top, but that doesn't mean we can't have fun. I have a strong belief in the idea of ""at least we are losing together,"" and I think playing games with others, both every man for himself and team-based, is what has allowed me to take such a positive outlook on working as a team, especially when things are tough and you may not be doing so well.",,Low Frequency,,,,,,,,,,,,,,
176,92,True,5.0,Most of the time,"Call of Duty,Multiversus,Rocket League,Fortnite,League of Legends","I believe that gaming does make you a better team player because you are almost always working with friends to accomplish some sort of goal, depending on the game.",,High Frequency,,,,,,,,,,,,,,
177,92,True,5.0,Most of the time,"Apex Legends,MLB The Show,Call of Duty,Madden,NBA","I do believe my style of gaming makes you a better team player. I am big about keeping everyone on the objective, good at thinking on the spot for solutions to problems that come up. I always try to find the best possible case scenario for the team, team first, and it should always be like a family",,High Frequency,,,,,,,,,,,,,,
178,92,True,1.0,Most of the time,"Apex Legends,Sea of Thieves,CSGO,Subnautica ,Minecraft","Yes, it does, I have learned many teamwork skills from playing games. My friends and I have created many Minecraft servers where we try to beat it as quickly as possible. I have learned how to effectively communicate with my team members. Also with CSGO, I learned to have very frequent communication so my team of 5 could outplay and out maneuver the opposing team.¬†",,Low Frequency,,,,,,,,,,,,,,
179,92,True,4.0,Always,"CSGO,Valorant,Payday 2,Call of Duty,Apex",Gaming has taught me communication and team playin skills. As well as focusing on a broad goal rather than my own personal goals.,,High Frequency,,,,,,,,,,,,,,
180,93,True,7.0,Some of the time,"Doom Eternal,DOOM II (1994),Garry's Mod,Final Fantasy VII (1997),SimCity 4","Yes. My gaming forces me to interact with other players on levels of experience both above and below mine. As a beginner, I am forced to learn and be humbled by more experienced players. As I gain experience, I gain breadth in my gaming skills and learn to communicate and pass knowledge to other players.",,High Frequency,,,,,,,,,,,,,,
181,93,True,7.0,Some of the time,"Sea of Thieves,ARK: Survival Evolved,Dead by Daylight,Elden Ring,Dark Souls 3","Yes. Although most of the games I play are at the very least manageable alone, my top two (especially ARK) are MUCH easier when you share the work and have a group. Just like team projects, when you have multiple people all contributing you can pool your resources and progress much faster than you could alone. Although I do tend to have fun alone, it's absolutely less efficient and my gaming reinforces that if I want to actually get things done, I need to work with others. It's also close to impossible to take on the hardest challenges alone in these games, so working in a team is required for large scale efforts.¬†",,High Frequency,,,,,,,,,,,,,,
182,94,True,2.0,Always,"Dota2,CsGO,NA,NA,NA","Definitely. I play team games so in order to succeed I have to work well within the team. If I don't, we struggle which kinda defeats the purpose of having fun and playing the game.",,Low Frequency,,,,,,,,,,,,,,
183,94,False,1.0,Some of the time,"na,rocket league,na,na,na","I feel like it definitely has potential to make myself a better team player. This is because when you work with others, you can do better and be stronger than if you were to be on your own.¬†¬†",,Low Frequency,,,,,,,,,,,,,,
184,94,True,4.0,Some of the time,"Magic: The Gathering,Stardew Valley,Pokemon,Minecraft,Titanfall 2","I would say gaming makes me a better team player in some ways. Playing a cooperative game with a team does a good job when it comes to assigning a goal for the team to reach and incentivizing them to work for it, through collectibles or fame or just the thrill of victory. This gives gamers opportunity and reason to collaborate where they sometimes wouldn't, and teaches them how to work with others to reach a goal with as few bumps in the road as possible.",,High Frequency,,,,,,,,,,,,,,
185,94,True,2.0,Half of the time,"Binding of Isaac,DotA 2,Age of Empires III,Counter Strike: Global Offesnive,Dark Souls 3","Yes.

In DotA, you are in teams of 5, and unless you are the greatest player ever, you will not win without cooperating with your team. This comes with harsh name calling, intentionally losing the game, DDoS attacks (not as frequent), and most of all stubbornness.
Learning to manage this in a team setting and keep your cool while 5 different idea's clash to try and win is difficult, but when everyone can put aside their differences it becomes a harmony of success and even if your team on paper is worse, you may still win with cooperation. Learning to take these different ideas and mold your own around them allows to see the game from a new perspective and improve your own skills.",,Low Frequency,,,,,,,,,,,,,,
186,94,True,5.0,Most of the time,"Escape from Tarkov,League Of Legends,Minecraft,Rainbow Six Seige,Mass effect saga",It encourages me to better understand what others are thinking and how their actions impact mine in a competitive environment.,,High Frequency,,,,,,,,,,,,,,
187,94,True,3.0,Some of the time,"Deus Ex,Dead By Daylight,Apex Legends,Metroid Dread ,Overwatch","I think playing games has helped me be better in teams. Gaming with friends had helped me coordinate with actions to succeed more than playing alone. Often times, being in a team has helped us win or just act as a better part of a whole, splitting responsibilities and listening to and helping each other. Most of the games we play together online are cooperative, and we have succeeded more together than when we play individually.¬† Other times, trying to be a team had accidentally and hilariously gotten us all killed faster. I think overall playing games in a team has helped me though, and I hope it leads to more success in this class.",,Low Frequency,,,,,,,,,,,,,,
188,95,True,7.0,Most of the time,"League of Legends,VALORANT,Nancy Drew,Rune Factory 2: A Fantasy Harvest Moon,New Super Mario Bros Wii","I think so. Especially in VALORANT and League, games are two teams of five players. I like to play with four of my friends (usually friends that are much better than I am), or solo queueing competitive matches. Sometimes maybe a duo. When I'm playing with my friends that are much better than I am, I'm not one to just allow them to do all the work. I am always asking for advice on how to improve in between rounds, and then after games doing reviews of my games and even going through video playback to see what I did right and what I could improve on and HOW. Then, I will go to the range and practice my aim, or in the practice tool to practice farming minions. It's ok for me to not be immediately good when I've never played FPS or MOBA games before. I didn't grow up playing them. But I do take the time to improve my skills and I greatly appreciate my friends that are cool with me asking them for some coaching advice. I also realize that while I am improving my skills, I want to find my niche in the team when we 5-man. In VALORANT I usually either play Skye or Viper, dependent on the map. As Skye I can heal, flash enemies, and scout/concuss enemies and get some recon. I can use my abilities to help my friends enter site who have really good aim. I also have found ways to use my utility to clutch rounds when I'm the last player standing. In large maps where walls/impairing vision is important, I play Viper. I don't have as much utility to help my team if I can't aim very well that day, but never underestimate the importance of a well-placed and timed wall. I also can shoot poison so that's helpful. In most other activities I am one of the top contenders, so FPS/skill shot games are interesting to me because I'm not as talented at them right off the bat. I do take the time to improve, but it's cool to have to work harder at something than I normally do.¬†",,High Frequency,,,,,,,,,,,,,,
189,95,True,5.0,Most of the time,"Terraria,Destiny 2,Hollow Knight,League of Legends,Others","I think it can help for sure. Especially with certain games such as Destiny 2, you have to work together and communicate as a team to solve a puzzle or raid encounter.",,High Frequency,,,,,,,,,,,,,,
190,95,True,3.0,Most of the time,"Apex,Destiny 2,Valorant,Cult of the Lamb,",Gaming helps me develop communication skills in order to properly inform my teammates where the enemies are to allow us to perform better as a team. It also requires us to work around and with each other with the various ways we attack problems.,,Low Frequency,,,,,,,,,,,,,,
191,96,True,4.0,Most of the time,"Minesweeper,Team Fortress 2,Hollow Knight,VR Chat,Plants vs. Zombies","I've encountered teamwork in gaming in two ways. The first is the direct strategy where you communicate with your teammates to come up with a plan to win. The second would be through emergence.

Team Fortress 2 is a very good example where most classes have major weaknesses that either make them perform poorly alone or struggle against large groups of opponents.

I'd say not only does gaming help me keep up with my team, but it also keeps me in check from going rogue.",,High Frequency,,,,,,,,,,,,,,
192,96,True,4.0,Most of the time,"MLB the Show 22,Call of Duty: Warzone,Multiverses,Call of Duty: Zombies,Rainbow Six Seige","I believe video games make me a better team player because for any team to succeed in any game it requires communication. You can choose several paths when playing as a team like being the guy constantly on his own losing the battles, the leader giving general direction to the team, or support to ensure everyone is at the best of their abilities. In order to decide whether to advance or play with certain strategy these decisions have to be made as a team. A team is only as strong as its weakest link so recognizing the strengths and weaknesses of every member can allow you to prioritize certain tasks over another. It can also help determine where your teammates may need your support to prevent anyone from feeling alone or behind. Interacting with people on a daily basis creates a common goal and stronger sense of community between the group. You want to succeed but also want to see your friends succeed just the same. All these lessons can be found being a gamer.",,High Frequency,,,,,,,,,,,,,,
193,96,True,3.0,Most of the time,"Apex Legends ,Teamfight Tactics ,Valorant ,League of Legends ,Call of Duty","I believe that depending on the type of game or genre of game that someone plays would influence how much of a team player you are. Specific games where you are able to carry a team or group of people have less of an effect than one which is more dependent on teammates. Games such as Valorant are a weird middle ground as each player is a necessary component for a successful team, but there is also the opportunity to carry alone. Apex legends in my mind would be the best example of why gaming would make you a better team player as it heavily focuses on team coordination to win games.¬†",,Low Frequency,,,,,,,,,,,,,,
194,96,True,2.0,Some of the time,"Call of Duty,Age of Empires,Minecraft,World of Warships,Assassins Creed","When I try it with friends, I think it makes me a better team player. It challenges my skills, tests the decisions we make as a team, and reinforces my communication skills with others when we are working towards a goal in the game.¬†

NOTE: I mention ""with friends"" because, for gaming, it is rare for me to play a team game without them.",,Low Frequency,,,,,,,,,,,,,,
195,96,True,5.0,Half of the time,"Battlefield 2042,Deep Rock Galactic,Cyberpunk 2077,Stellaris,Shredders",I think that gaming does make me a better team player because it can reinforce behaviors that promote teamwork. For example in Deep Rock Galactic there are multiple classes that each have unique abilities/tools that can synergize together to make completing missions easier to complete. Utilizing these synergies also can allow you to complete missions on harder difficulties which allows you to receive more resources for each mission completed. This can parallel team work in non-gaming situations because knowing how to utilize the different skills and areas of expertise that different individuals have allows a team to produce a better product than if they just focused on only one persons abilities.¬†¬†,,High Frequency,,,,,,,,,,,,,,
196,97,True,4.0,Half of the time,"Battlefront 2,Super Smash Bros. ,Halo,Super Metroid,Mario Strikers","Although I wouldn't say that gaming has had a huge impact on my ability to be a team player, it has helped me recognize some skills that are necessary to be a good team member, such as clear and precise communication among team members, which is critical in both team-based games and team-based projects.",,High Frequency,,,,,,,,,,,,,,
197,97,True,2.0,Most of the time,"Rainbow Six Seige,Rocket League,Minecraft,Call of Duty,League of Legends",I think so because in a lot of those games you need to work with others to try and beat the other team. If you only focus on yourself then you will probably end up hurting your turn and make it impossible to win.,,Low Frequency,,,,,,,,,,,,,,
198,97,True,3.0,Some of the time,"Overwatch,Resident Evil,Clash of Clans,Super Smash Bros,Various single player games on the Nintendo Switch","I would say it goes both ways.¬† I play a lot of single player games which don't really have anything to do with team playing, though I play Overwatch a lot, which is a pretty competitive game.¬† Granted, I usually just play with my brother, with every other player online being muted in the voice chat to limit communication to a text chat.¬† However, some ways I have noticed that it affects my team playing, even if minor, are how I deal with things that happen in regards to my team and the enemy team.¬† The competitiveness of the game can easily put me in a ""salty"", if not angry, mood, which is definitely a con of gaming for being a team player.¬† I've noticed that being angry with team mates affects my own ability to play, so trying to avoid these moods is good not only for me individually, but resultingly helpful for my whole team. Taking breaks whenever these moods begin has proven to be one way of dealing with this.¬† Additionally, typing things into the chat that are friendly, like wishing good luck before the game starts or complimenting an enemy player that beats you, helps to keep the mood of the game good.¬† Not only do I often play better with this, but after the game finishes, I come out of it feeling good about how the game went, and happy to continue playing.¬† I don't know whether these things would affect my ability to be a team player outside of gaming, except that avoiding bad moods and friendly communications with my team can keep up our morale and allow us to push forward with projects.",,Low Frequency,,,,,,,,,,,,,,
199,98,True,2.0,Most of the time,"Horizon Forbidden West,Apex Legends,God of War,Mariokart 8 Deluxe,Minecraft","Absolutely, communication is key when playing Apex with friends. The game is completely unplayable without telling your teammates where you are, what you see, what you think the best move is for the team to take, accepting the role of a leader and giving it up sometimes, and carrying out commands from the person that takes that role. I can 100% see a connection between this kind of team gameplay and workspace communication skills and teamwork.",,Low Frequency,,,,,,,,,,,,,,
200,98,True,5.0,Half of the time,"Minecraft,Rocket League ,2K,,",I think gaming does help in teams to a certain amount. Personally I do care also about personal growth in the game as well as growth within the team. Being someone who needs a hand sometimes I find it very helpful playing games as a team.¬†,,High Frequency,,,,,,,,,,,,,,
201,98,True,4.0,Most of the time,"Destiny 2,League of legends,Apex legends,Golf it,GTA 5",I think the games where your actually completing a task definitely make me a better team player. They force communication and for each player to learn their role. One good example would be raids in destiny 2 the team can only work if everyone is talking and helping other players on parts they struggle with.,,High Frequency,,,,,,,,,,,,,,
202,98,True,3.0,Some of the time,"Rock Band,Stardew Valley,Overcooked,Minecraft,Jackbox Games","Since I mostly play single player games, probably not, but when I do play multiplayer games I think it does make me a better team player because it makes me work with other people and find the best way that we all work together.",,Low Frequency,,,,,,,,,,,,,,
203,98,True,1.0,Some of the time,"Mariokart,FIFA,RocketLeague,,","Yes, I think that it makes me a better team player. The game I spend the most time playing is FIFA. The video game and the real game of soccer are all about teamwork since you are trying to win the match. Setting up an assist for a teammate while I play is just as important as scoring the goal. I think gaming makes me more aware of my actions and of the actions of others.¬†",,Low Frequency,,,,,,,,,,,,,,
204,98,True,7.0,Half of the time,"Sid Mieres Civilization,Escape From Tarkov,Total war ,Minecraft,Halo",Certainly. Video games present dynamic enviorments with tons of variables. Often the challeneges are unique and require great teamwork and communication to overcome efficiently.¬†,,High Frequency,,,,,,,,,,,,,,
205,98,True,7.0,Some of the time,"Dungeons & Dragons (tabletop\, not video game),Assassin's Creed (multiple games),Other single player games,,","Yes.

Dungeons & Dragons is primarily about collaborative storytelling. It requires many people to work together to solve problems and further the story. As a frequent game master, my role is usually to coordinate the efforts of my players alongside managing the world around their characters.

My gaming experience has given me insight into team dynamics and how to coordinate conflicting personalities. I also understand the different types of roles that people play in teams and how to utilize the strengths that people have.",,High Frequency,,,,,,,,,,,,,,
206,98,True,6.0,Some of the time,"Ark: Survival Evolved,Minecraft,ShellShock,Risk of Rain 2,Bloons TD 6","Yes and no. Most of the games I play are mostly single player, I can play them in teams I just don't. However when I do play team games they are capture the flag type of games and require a lot of communication if we want to do well. This has allowed me to learn how to get information across in an efficient manner.",,High Frequency,,,,,,,,,,,,,,
207,99,True,2.0,Always,",Master Duel - Yugioh,,,","I mainly play an online simulator for a card game.¬† I have been teaming up with a group of friends for the last decade and a half to build decks and talk strategy.¬† Together we think about future strategies that could be played at tournaments and the best way to counter those strategies.¬† We design decks to play with, this involves testing new strategies and playing against each other.¬† We celebrate each other's achievements and hold each other accountable when it comes to tournament play and preparation.¬† I'm sure there are many other ways that playing Yugioh has taught me how to be a team player.",,Low Frequency,,,,,,,,,,,,,,
208,99,False,0.0,Never,"N/A,N/A,N/A,N/A,N/A","I don't game! I used to, but only rarely do I dabble in Minecraft. (I had to answer all of these)",,Low Frequency,,,,,,,,,,,,,,
209,99,True,3.0,Half of the time,"Apex Legends,Minecraft,GTA,Warframe,Marvel: Spiderman",Gaming makes you a better team player as it can help establish effective communication skills along with being able to work under high pressure situations. You can also develop skills in design thinking and constructive collaboration with games like Minecraft if you play in a group.,,Low Frequency,,,,,,,,,,,,,,
210,99,True,7.0,Never,"Deep Rock Galactic,Total Warhammer 3,Elden Ring,Minecraft,Dark Souls 3",In my case it probably doesn't since I don't play competitive games or many multiplayer games.,,High Frequency,,,,,,,,,,,,,,
211,100,True,7.0,Most of the time,"Rocket League,League of Legends,Rust,Sid Meier's Civilization VI,Cult of the lamb",I am on the fence with this question in many aspects I have felt that playing these games have made me take in other peoples perspectives and use others to help improve my own gameplay. I try to take what they tell me and implement that in a meaningful way. That being said I also love my solo player games as well because I am able to focus on just myself and analyze my own gameplay to improve. A good combination is needed in order to improve because without internal reflection peoples constructive criticism would be of no effect. And only looking in on yourself will reach a peak that will cause your skill to plateau and a lower level.,,High Frequency,,,,,,,,,,,,,,
212,101,True,1.0,Half of the time,"Animal Crossing,Lego Star Wars,Minecraft,Pokemon,Super Smash Bros","Yes, it forces me to cooperate with other players to achieve whatever it may be. Lots of Lego games require player 1 to do x and y and only then can player 2 do z. I'm a very impatient person and games like this force me to be patient and wait for someone else to complete a task so we can all move on. This task could maybe be accomplished by myself but it's typically more efficient to have another person do it. I hold myself to a high standard so I'm typically the person that does the bulk of the work. Games teach me that it's okay to let other people do work to make the team more efficient.",,Low Frequency,,,,,,,,,,,,,,
213,101,True,1.0,Some of the time,"Stray,Staredew Valley,Mario Kart,,",My gaming helps with communication: quick and effective communication is key when you have less than a second to react.¬†,,Low Frequency,,,,,,,,,,,,,,
214,101,True,0.0,Always,"Dungeons & Dragons,Various D&D-like TTRPGs,Magic the Gathering,Board Games,","Dungeons & Dragons makes me a better team player, because the game only works if everyone involved is having fun. The game is being designed by the very same people that are playing it. If anyone is unhappy with the game, they will simply stop attending. Hence, the game trains you to listen, empathize and smooth over the inevitable rough edges of team members preferring different kinds of gameplay‚Äîor find a different team.",,Low Frequency,,,,,,,,,,,,,,
215,50,,,,,,,High Frequency,True,4.0,Half of the time,"Elden Ring,Final Fantasy XIV,Phasmophobia,Raft,Random indie games","Especially when it comes to random people on the internet, it pays to be both patient and assertive. Games that do not foster an inclusive community can be completely ruined by the people playing, even if the game is well-made. It‚Äôs easier to enjoy those games if you demonstrate some diplomacy, and also be willing to call out sexism and other biases that can be prevalent in online communities.

Second, gaming teaches patience with your own abilities and strategic thinking. Particularly since the arrival of Souls-like games, there is a greater emphasis on the ability to learn from mistakes, adapt, and gain skills and knowledge to make it through that next horrible boss fight.

¬†The ability to interact with others, regardless of their background, to be patient, and to be pushed to learn and teach are all invaluable skills in any team.",,,,,,,,,
216,55,,,,,,,High Frequency,True,6.0,Always,"-,League of Legends,-,-,-","It depends on the mindset given the situation. A lot of players have the tendency to want to ""have fun"" amidst a match as opposed to wanting to win. Let's assume for instance that we have the goal of ""winning"" in mind. If the goal is to win, it is essential to be a team player, and that requires putting one's ego aside and seamlessly adapt to any given situation to maximize our chance of winning. On the other hand if a win is impossible, it is wise to lose fast as opposed to trying to win with a losing team.

Anything can be meaningful with enough introspection and analysis, video games are no exception. I have been humbled and totally humiliated in video games which was important for me to realize that in order to be better, parts of me have to die.",,,,,,,,,
217,65,,,,,,,High Frequency,True,5.0,Some of the time,"Borderlands 2,Age of Empires II,Legend of Zelda: Breath of The Wild,Witcher 3,","I mostly play solo, but I do play Age of Empires with my sister. And it does help. We share resources and stuff and it's kind of like having one big civilization. Games are usually easier when we are both prosperous. I think it does translate to the real world but I feel like I went the other way: I'm generally a team player, so I help her in the game.",,,,,,,,,
218,67,,,,,,,High Frequency,True,5.0,Most of the time,"Valorant,Rainbow Six Siege,CSGO,Warzone,Minecraft","I think gaming does make me a better team player. In many games it creates an environment where a team of players is working towards an objective. This helps me practice communication, planning, division of work and other things.",,,,,,,,,
219,69,,,,,,,Low Frequency,True,2.0,Half of the time,"Apex,Destiny,Call of Duty,Minecraft,Hearthstone","Yes, destiny has a game mode that requires you to be in full communication with your team at all times to do damage to the boss or progress through and it has helped develop my ability for dynamic communication and how to interact while leading and being a part of the team.",,,,,,,,,
220,71,,,,,,,High Frequency,True,5.0,Most of the time,"Halo Infinite,Overwatch 2,Minecraft,League of Legends,Valorant","Only when I am playing with people I know. Whenever I solo queue, I usually just do my own thing and have fun.",,,,,,,,,
221,71,,,,,,,High Frequency,True,5.0,Half of the time,"GTA 5,Call Of Duty Modern Warfare 2,Fortnite,,","It genuinely depends on the game. ¬†In a game like Portal 1 where it was all problem solving, the game left it pretty much up to you to figure things out on your own while teaching you its mechanics. ¬†Where as a game like Call of duty is practically warfare, and they have team based modes that without communication are practically impossible to win. ¬†",,,,,,,,,
222,71,,,,,,,High Frequency,True,4.0,Half of the time,"Fortnite ,Call of duty warzone 2,Call of duty multiplayer ,Ghost of tsushima ,Overeatch",Gaming does make me a better team player because most games involve helping out your teammates or else you wont be able to win as a whole.¬†,,,,,,,,,
223,71,,,,,,,High Frequency,True,7.0,Always,"OS Runescape,League of Legends,Rocket League,Fortnite,Valorant",I always like the games I play because it allows me to play with friends or random people and find synergies and what we are good at to win against the enemy.,,,,,,,,,
224,72,,,,,,,High Frequency,True,7.0,Half of the time,"Divinity Original Sin 2,Unepic,Hunt Showdown,Minecraft,Deep Rock Galactic","No, I don't think gaming makes you a better team player because gaming is for fun and playing games makes you connect with your teammates in a fun setting. It doesn't necessarily improve my teamwork skills.",,,,,,,,,
225,73,,,,,,,High Frequency,True,4.0,Always,"Red Dead2,GTA5,CSGO,Ready Or Not,COD","Yes, I think so, I usually play CSGO a lot, which needs teamwork, we need to talk, and tell teammates about the enemy's position.",,,,,,,,,
226,74,,,,,,,Low Frequency,True,1.0,Some of the time,"Fortnite ,Minecraft ,Destiny ,Csgo,Catan online",Gaming creates chemistry and trusting in the people on your team. It allows for communication to happen in both high and low pressure situations.¬†,,,,,,,,,
227,76,,,,,,,High Frequency,True,4.0,Always,"Apex Legends,Overwatch,Minecraft,Pokemon,Warzone","I believe it makes me a better team player. As someone who tends to try and do stuff solo, gaming as a part of a team has helped improve my skillset in terms of collaboration and communication.¬†",,,,,,,,,
228,77,,,,,,,High Frequency,True,4.0,Most of the time,"Path of Exile,World of Warcraft,Counter Strike,League of Legends,Age of Empires: II","It's pretty easy to see that your vision of success doesn't always match what everyone else has in mind, that in order to get everyone on board you need to have a strategy everyone is willing to follow.",,,,,,,,,
229,77,,,,,,,High Frequency,True,5.0,Never,"Zelda,Dragon Quest,Tales of,Xenosaga,Earthbound","I wouldn't necessarily say so, because the games I play are mostly single-player.",,,,,,,,,
230,78,,,,,,,Low Frequency,True,2.0,Some of the time,"Rocket League,Escape From Tarkov,Smite,Last of Us( Part 1),","Yes. Failing is ok!

I relate MOBAs (Smite, League of Legends) as chess but you have 5 people on a team playing at the same time. It requires the old shoot, move, communicate. After a game, if I'm paired with friends, I like to do a quick hot-wash to talk about what worked, and what didn't. The same applies to shooters like ""Escape From Tarkov"" where dynamic situations need to be solved quickly.

That being said, team gaming can make people worse team players. Not owning mistakes, not being able to communicate efficiently, can lead to regression in gaming (not just gaming, I think this can be applied to many things in life). It goes back to failing. Like the great Bob Ross said, ""As long as you are learning, you're not failing"".¬†",,,,,,,,,
231,78,,,,,,,High Frequency,True,5.0,Some of the time,"Hades,Tetris,Mario Kart,Peggle,Overcooked","Yes and no. Growing up when me and friends had more free time that lined up consistently I played a lot of multiplayer. I found that those times made me a better team player. I consistently practiced team games with friends developing teamwork skills and communication. However these days I play a lot of games alone when I have quick free time or over school breaks. The one recent exception is playing overcooked as that game is built on teamwork and communication which is quite fun.

¬†",,,,,,,,,
232,78,,,,,,,Low Frequency,True,2.0,Never,"Project Zomboid,Rimworld,Elden Ring,Dark Souls,The last of us","Unfortunately, the only games my friends play are shooters like call of duty and I am straight up garbage at shooters and don't really have alot of time to spend practicing to get better at them so usually I just end up playing single player games alone when I get the time.¬†

However, some of my friends did play elden ring which is mostly single player and really challenging so we would share strategies and complain about certain bosses when we'd see each other, so I think helping each other out so we could both progress did make me a better team player to some degree.¬†",,,,,,,,,
233,79,,,,,,,High Frequency,True,7.0,Half of the time,"Rocket League,Old School Runescape,Call of Duty,Apex Legends,","I think gaming builds on what is there already. If you are someone who prefers to do things alone, you can still find ways to go off on your own even as part of a team. But if you are someone who wants to work with others, then team gaming environments can help contribute to being a better team player.¬†

No one can force you to play a way you don't want to play at the end of the day. If you want to be a team player, you'll be a team player. If you want to be a lone wolf, you'll be a lone wolf.",,,,,,,,,
234,79,,,,,,,Low Frequency,True,3.0,Some of the time,"Cyberpunk 2077,Skyrim,Call of Duty,Spirit Farrer,Minecraft","I usually just play single player rpg games, but when I do play multiplayer games I think team work can be important if you want to win. In strategy games it is important to communicate with your team, whereas games like call of duty where you are fighting another team sticking together can be important as well.¬†",,,,,,,,,
235,79,,,,,,,Low Frequency,True,3.0,Half of the time,"Civilization,LoL,,,","Yes. Playing game makes me a better team player. Playing games with other people makes me a more socialized person, so I think it is really helpful for the team player.",,,,,,,,,
236,79,,,,,,,High Frequency,True,4.0,Most of the time,"Rocket league,Escape from tarkov,Destiny 2,Overwatch 2 ,Valorant","If I had to give a yes or no answer to this question I would say yes my gaming does make me a better team player. In a lot of the games I play like Escape from Tarkov, Overwatch 2, Valorant, and Rocket League you can't simply win the game on your own. In all of these games, you and your team are trying to achieve a common goal if that is scoring a goal or getting more loot. These games require all team members to communicate effectively, make quick decisions, and quickly adapt to our changing situations to succeed in-game. So after putting many hours into these different games I believe that they have allowed me to improve and become a better team player as it has honed my ability to function on a team, as well as my communication, decision-making, and adaptability skills. You also have to learn to trust your teammates and how to cooperate more effectively in gaming which can translate to other team players.",,,,,,,,,
237,80,,,,,,,High Frequency,True,4.0,Half of the time,"MINECRAFT,ROBLOX,SIMS 4,Uhhh\, I mostly play those 3,Yeah","Yes, it does. In Roblox I play tons of different games, some of which require team work some which do not. For example, I‚Äôve been playing The Survival Game on Roblox a lot, it‚Äôs a game kind of like RUST. Where there‚Äôs this world that you are put on, and you have to survive, you can create a tribe/clan and you have to work together to farm resources, get stronger, and defend your base while other clans basically try and kill you. I work well with my teammates because I often communicate with them, and we all have different jobs that we complete that all lead to the bigger end goal, which is survival.",,,,,,,,,
238,81,,,,,,,High Frequency,True,4.0,Most of the time,"Minecraft,Call of duty ,Skyrim,Stardew valley,Roblox",Learning to work with different people with different ideas definitely helps me become a better teammate.¬†,,,,,,,,,
239,82,,,,,,,Low Frequency,True,2.0,Most of the time,"Apex ,COD,Fifa,Madden,Overwatch",Gaming makes you a better team player because most games are multiplayer which means collaborating and working with other people to win the game or complete a mission. By coordinating with other people individuals can learn how to interact and work with others effectively.,,,,,,,,,
240,83,,,,,,,High Frequency,True,4.0,Half of the time,"Poker,Call of Duty,PC Builder,Elden Ring,Chess",I would like to believe so because a team can utilize special skills depending on other players' tendencies.¬† No one can just be a one-man army!¬† Taking full advantage of what team members are good at will help dominate the game.,,,,,,,,,
241,83,,,,,,,Low Frequency,True,0.0,Some of the time,"Call Of Duty,Super Smash Bros ,Rocket League,Mario Cart ,A Way Out","I really don't know. I don't play games very often, but when I do I'm not really playing as a team even when I'm on a team game.",,,,,,,,,
242,83,,,,,,,Low Frequency,True,2.0,Most of the time,"Overwatch 2,Minecraft,Clash of Clans,Club Penguin,Poptropica",I work toward keeping the team positive no matter what and make sure we all make it through!,,,,,,,,,
243,83,,,,,,,High Frequency,True,7.0,Most of the time,"Minecraft,Overwatch,Smite,Persona 5: Royal,Random assortments of quick games","Mainly playing the support and tank roles in Overwatch, I often find myself having to make team plays. As a tank you are the front line meant to hold space and defend your backline, typically you make the decision of when to go into a fight, retreat, or hold. As the single most impactful player on the team (since there is only one tank and two dps and two supports) your decisions are crucial to the team and one bad decision will cost you a fight. As a support your whole team is relying on you to make the best decisions with your kit, keeping them healed, using your life saving abilities with the most effective use, choosing when to boost your team or debuff the enemy team. There is a lot that rides on your shoulders and to top it off you have to worry about the enemy team targeting you. In short, you have to defend yourself, heal your team, and make the best overall decisions for your team.",,,,,,,,,
244,84,,,,,,,Low Frequency,True,2.0,Half of the time,"Among Us,Stardew Valley,Minecraft,Assassins Creed,","Gaming in some aspects make me a better team player. I mentioned above that I play stardew valley, this can be a single player or a multiplayer. When I play with my sisters, I have to communicate with them plan what each of us will do during the day. Complete what I said I was going to do, and chat with them as I do it,¬† Then if I forget to do a task I can ask them to pick it up if I have already left the area or I will grab tasks they forgot to do if they ask me. At it's heart Stardew in multiplayer can only be done well if everyone on the team act as a team player.¬†",,,,,,,,,
245,84,,,,,,,Low Frequency,True,3.0,Always,"CSGO,Warzone,Minecraft,Terraria,Dark souls 3",of course it does! Communication is key in call outs and giving important information to team mates¬†,,,,,,,,,
246,84,,,,,,,High Frequency,True,5.0,Most of the time,"minecraft,Rocket league,Star Wars Battlefront 2,chess,Call of Duty","Rocket league makes me a better team player because I started to rank up once I stopped blaming my teammates for everything. Even when they make a mistake, I realize that I normally have done the same thing before and use my third person view of their play to change my understanding of how I can do better in certain situations.",,,,,,,,,
247,84,,,,,,,High Frequency,True,4.0,Most of the time,"Rocket League,Apex Legends,Minecraft,Fifa,Rainbow 6 Siege","When I play a game like Apex Legends thats either 2 players or 3 on a team it forces you to make a plan with your teammates or you will be outgunned by a team that is organized. Especially in a game like this where every character has unique abilities, it really emphasizes the teamwork aspect of the game because that is what is required to get the best use from each character.",,,,,,,,,
248,85,,,,,,,Low Frequency,True,3.0,Always,"Fifa ,League of Legend ,PUBG,Starcraft ,Overwatch","Yes it does make me a better team player. The most of the games I play requires good strategies to have better chance of winning. In order to successfully use strategies it requires great teamwork, and communication within the team.¬†",,,,,,,,,
249,85,,,,,,,High Frequency,True,4.0,Most of the time,"League of Legends,World of Warcraft,Hell let loose,Squad,Counterstrike: Global Offensive","Yes, very much so.¬† Gaming has helped me refine my communication skills as in some games, on a competitive level, there is a constant flow of information that needs to get transcribed to the team.¬† Relaying this information, and learning how to make the delivery most effective has made me a better communicator and thus team player.¬† I have also learned how to outfit myself in a team more effectively, learning skills such as how to prioritize team objectives, how to delegate, how to compromise, thinking in a team manner, and much more.",,,,,,,,,
250,86,,,,,,,Low Frequency,True,3.0,Half of the time,"Project Zomboid,Rocket League,Kenshi,Fortnite,Crusader Kings 3","I believe so. Communication is a critical component as well as reading, understanding and playing around your teammates. For example, in rocket league, if your teammate plays aggressively, playing back for the pass and playing back defensively is important. It's about working with your teammate to play your best while also allowing your teammate to play their best game.",,,,,,,,,
251,86,,,,,,,High Frequency,True,5.0,Some of the time,"WarThunder,VRChat,Ark: Survival Evolved,Star Wars Battlefront 2,COD: Cold War","It does because I have to learn to work with a variety of teams. I have to work with teams that are new, veterans to the games, and people who might not even work well as a team themselves.¬†",,,,,,,,,
252,88,,,,,,,High Frequency,True,7.0,Always,"Dark Souls,Team Fortress 2 (TF2),Minecraft,Osu,Terraria","Yes, I believe it does. In one of the aforementioned games, Team Fortress 2 (a class-based, arena movement shooter), teamwork is often vital to complete objectives whether it be pushing through entryways, capturing points, or defending points. In team fights, focus firing with other team members is essential to winning as some of the 9 playable classes have large health pools which makes them difficult to deal with on their own. And when pushing objectives, many times there are moments where you or others have to be willing to sacrifice your own life to either kill important targets that prevent your team from pushing into an area (i.e. medics, snipers, and engineers) or make space for your team.",,,,,,,,,
253,88,,,,,,,Low Frequency,True,3.0,Most of the time,"Call of Duty: Warzone,Call of Duty: Multiplayer,Minecraft,Valorant,Other random co-op games","I do believe gaming makes me a better team player because I primarily play team based games or games that I can experience with at least one friend. I believe that playing these team based games teaches me how to make decisions and conduct myself in a manner that puts the objective of the team at or above the level of my own personal goals. This also allows me to recognize the similarities in my own goals and the teams to try and figure out how we can all win. In addition, even if I'm not playing a team game but still paying with a friend I am always learning about how they play the game and their style, technique, and how they communicate. I believe recognizing all of these traits in combination with my own traits allows me to be a better team player by figuring out how to work with each others unique style. All in all, I think gaming makes me a better team player because I am always working to figure out how I fit in with whoever I'm playing with at any given time to make things fun and run smoothly.",,,,,,,,,
254,89,,,,,,,High Frequency,True,7.0,Half of the time,"Rainbow Six Siege,War Thunder,Hearts of Iron IV,Squad,F1",I suppose I know what's expected of me by the team because of gaming and want to meet these expectations so I don't let down the team.,,,,,,,,,
255,89,,,,,,,High Frequency,True,5.0,Most of the time,"Risk of Rain 2,Apex Legends,Witcher 3,Deep Rock Galactic,Civilization","I don't know if gaming MADE me a better team player. However, between myself and the people I play with, we are usually very constructive and don't usually put each other down.",,,,,,,,,
256,89,,,,,,,High Frequency,True,6.0,Some of the time,"Valorant,Whatever story game I have picked up (Witcher 3\, Kingdom Hearts\, God of War\, Metal Gear Solid),Whatever multiplayer game my friends tell me to play,Mobile games,Teamfight Tactics","I wouldn't say that my gaming makes me a better team player but it makes me a more understanding team player. Sometimes, I may not have the best playstyle or best game sense, but I would want to be treated fairly. If I'm doing poorly, I wouldn't want my teammates to rip into me and not help me improve. If they give me fair criticism, I would actually appreciate that. Therefore, I remember how I would like to be treated when working in a team in real life.",,,,,,,,,
257,89,,,,,,,High Frequency,True,5.0,Some of the time,"Hollow Knight,God of War ,Mario Kart,Call of Duty,Human: Fall Flat","Yes, gaming makes me a better team player. I learn a lot of new ideas/strategies by playing with friends and seeing how they do things.",,,,,,,,,
258,89,,,,,,,High Frequency,True,5.0,Half of the time,"AC Unity,COD MWII / WZ,HOI4,Rust,Minecraft","Gaming definitely makes me a better team player. It not only teaches me how to act with a team, but how to communicate with them. Understanding that you are part of a larger force and not going in solo makes you react different to certain situations and play differently depending on what is thrown your way. Gaming taught me how to rely on teammates and how to effectively work as a unit in able to achieve a goal.",,,,,,,,,
259,90,,,,,,,Low Frequency,True,2.0,Most of the time,"Rocket League,Battlefield 1,Gorilla Tag,Beat Saber,Pistol Whip",I think call-outs and general teamwork in videos games can make you a better team player. They provide a good foundation for working in teams in the future.,,,,,,,,,
260,90,,,,,,,High Frequency,True,4.0,Half of the time,"Halo,Call of Duty,Fornite,Gears of War,Left 4 Dead 2",Yes! It helps with both learning to communicate with others effectively as well as understanding how others receive my communication. It helps me understand how to prioritize certain objectives and also how to adapt to constantly changing situations. Gaming with a team also helps with negotiation as different people have different goals.,,,,,,,,,
261,91,,,,,,,High Frequency,True,5.0,Most of the time,"Destiny 2,Call of Duty,Skyrim,Apex Legends,Fallout","Yes. It has helped in many ways such as communication skills and learning how to offer support and help when needed. In order to get the end result wanted in the game, we need to work as a team.¬†",,,,,,,,,
262,91,,,,,,,High Frequency,True,5.0,Most of the time,"Rainbow Six Siege,Death Stranding,Deep Rock Galactic ,Sea of Thieves,Factorio","I would say so, the experience of playing with friends and coordinating your actions in order to win a competition or complete a puzzle/action can really help you understand team dynamics and how to work with others.¬†",,,,,,,,,
263,91,,,,,,,High Frequency,True,4.0,Half of the time,"Far Cry 5,Assassin's Creed: Odyssey ,Overwatch,Minecraft,Streets of Rage 2","Gaming does make me a better team player. It helps me understand and be attentive to the immediate needs of others, as well as coordinating plans. For example, in Overwatch, I tend to play as support characters and I consistently check for healing requests from others or watch for their critical health status.",,,,,,,,,
264,92,,,,,,,High Frequency,True,4.0,Some of the time,"Mario Kart,The Legend of Zelda: Breath of the Wild,CSGO,Stardew Valley,Portal 2",It helps me to communicate more efficiently and effectively,,,,,,,,,
265,93,,,,,,,Low Frequency,True,3.0,Most of the time,"Elden Ring,Apex Legends,Horizon Zero Dawn,Overwatch,Rocket League","I believe gaming makes me a better team player based on the specific video games that I play. Most of them are team based games, where one person working by themselves will hardly make a difference, but when working as a team, are able to make significant progress. For example, Apex Legends requires that I play in teams of 3. While I can go off on my own and play the game without teammates, I have a much better survival rate when I play with a full team and communicate our strategy for winning the match. If I need help in a fight, or with equipment, chances are that at least one other person will make a huge difference rather than trying to survive alone against others who are most likely working together. I find myself communicating what I need, as well as how I can help my teammates. Large tasks can be split up among teammates for more efficiency and if I get in trouble, someone usually has the ability to help me and vice versa.¬†",,,,,,,,,
266,93,,,,,,,High Frequency,True,7.0,Most of the time,"Rocket League,League of Legends,Minecraft,Terraria,CS:GO","I play competitive League of Legends for CSU and there is nothing worse than having someone on your team that flames you for making mistakes. Everyone makes mistakes and blaming others when they makes mistakes says a lot about someone's social awareness. I really think that playing games with a team allows for better communication skills, and less passive aggressive comments towards other group members. For example, the role I play in League of Legends can require a lot of resources from my team early to ensure I will be stronger towards the end of the game. Being able to communicate what I need early on allows for a much easier process later in the game. Expressing what you need to be successful in a project is a very similar concept.",,,,,,,,,
267,93,,,,,,,Low Frequency,True,2.0,Most of the time,"among us,overwatch ,minecraft,wii sports ,fortnite",It allows me to practice communication skills. So I would consider it benefical,,,,,,,,,
268,93,,,,,,,High Frequency,True,5.0,Half of the time,"Destiny 2 ,Call of Duty Modern Warfare 2 (2022),Spiritfarer,Animal Crossing,Misc. Rhythm Games","My gaming makes me a better team player. This is because I have to learn how to cooperate with others to accomplish a common goal with voice chat or not. Most times I do have a select group of friends I vocally communicate with online when playing competitive games such as Call of Duty or Destiny. In Destiny, communication and cooperativeness are extremely important in activities called raids that allow 6 players to complete a glorified dungeon together. You have to declare what role you play in each encounter, call out different bosses so your team can take it down together to progress, make sure to revive each other and know how to use your revive token, and allowing for everyone to voice concerns when one is confused or just needs help.¬†

Raids can be a little stressful for me since there's a tendency of everyone speaking over each other which could lead to frustration, but this taught me how to speak up for myself and for others because if I don't say a certain call out it could lead to my whole team restarting the encounter. So I would definitely say that gaming made me more of a team player in the long run.¬†",,,,,,,,,
269,93,,,,,,,Low Frequency,True,1.0,Some of the time,"Sims,Minecraft,Toram Online,No Man Sky,Muck","When I play in a team, yes. We at the start try and figure out what each member should be doing and what the plan is long term for the team. In Minecraft, for example, me and a buddy split up who was in charge of gathering materials and who was in charge of building and processing the materials. That helps us get through the game faster, because we both communicated what the other needed clearly and when we got stuck or confused on where an item was the other one either knew where it was stored or would help look for it.",,,,,,,,,
270,93,,,,,,,Low Frequency,True,1.0,Half of the time,"Stardew Valley,Northgard,Animal Crossing,Monster Hunter World,League of Legends","Yes. Team based games require proper cooperative skills in order to effectively and consistently win matches. Games like league of legends rely entirely on your teamwork and the cooperation of your teammates in order to win a game. If one player rages or throws the game, then the game is practically lost unless the remaining 4 can work together and properly compensate for their missing link. Playing these games teaches you how to communicate, make personal sacrifices for the greater good of your team, and handle teammates that are less than ideal.",,,,,,,,,
271,93,,,,,,,Low Frequency,True,3.0,Some of the time,"Spider-Man PS5: Remastered,Destiny 2,Minecraft,Red Dead Redemption II,Batman Arkham Knight","Absolutely! Gaming especially in a team makes me a much better team player. And a competitive, Matt, to beat the enemy team. You have to be smart and work with your teammates to think of new strategies to outsmart the other players. After years of doing this, I think I'm much better thinking outside the box and working with new people to complete the objective.¬†",,,,,,,,,
272,93,,,,,,,High Frequency,True,5.0,Most of the time,"Minecraft Dungeons,Call of Duty Modern Warfare 2,Rocket League,Chivalry 2,High on Life",I think that gaming does make you a better team player. A lot of gaming involves quick and detailed communication whether it be the position of enemies or the ball. It also improves socialization as often you are working in a team with someone you don't know or just met online.,,,,,,,,,
273,93,,,,,,,Low Frequency,True,3.0,Most of the time,"Minecraft,Overwatch,Call Of Duty,,",I think in some ways it does because it teaches you how to communicate in a a very fast paced environment.¬†,,,,,,,,,
274,93,,,,,,,High Frequency,True,7.0,Some of the time,"Btd 6,Minecraft,Overwatch 2,Factorio,League of Legends","I believe gaming does make me a somewhat better team player. In competitive multiplayer games it is usually impossible, or at least incredibly difficult, to ""carry"" a game alone. I am usually able to recognize my role on a team in a game, whether I am a major component, supporting my teammates, or just generally being as useful as I can even if I'm not doing particularly well. I'm also typically very good at recognizing my mistakes in a team, and usually try to identify mistakes in my own plays rather than quickly defaulting to blaming my teammates.",,,,,,,,,
275,93,,,,,,,High Frequency,True,6.0,Some of the time,"Dwarf Fortress,Dark Souls,Super Smash Brothers,Hunt: Showdown,Hollow Knight","I think it has the potential to. I often play single-player games, but when I play with friends, we work together to do our best. In Hunt: Showdown, for example, my aiming abilities aren't usually on par with my friends, so I try to engage enemies up close, letting my teammates fire at them from further away. We work to cover each others' weaknesses, which is great for teamplay.",,,,,,,,,
276,94,,,,,,,High Frequency,True,7.0,Most of the time,"Sekiro,Valorant,Aim Training,7 days to die,League of Legends","Yes, you learn that despite your efforts reliance on others is necissary. I believe it also teaches you that much like in life you will have to make decisions that you are not 100% certain of all variables involved. Sometimes this will lead to not only you, but your teammates suffering, but acknowledging that and moving forward despite hardship allows for a stronger team and a better learning enviornment. In some (more competitive games) you can choose to learn accountability from it as well. We all make mistakes, but minimizing the consequence to those around you alongside growing and learning from them make a world of difference.",,,,,,,,,
277,94,,,,,,,Low Frequency,True,2.0,Never,"The Witcher 3 ,BG3,Skyrim,Rimworld,TWW3","I don‚Äôt think it does, I typically play fantasy single player rpg‚Äôs",,,,,,,,,
278,94,,,,,,,Low Frequency,True,3.0,Some of the time,"Horizon Zero Dawn,Genshin Impact,Baldur's Gate 3,Cities Skylines,Satisfactory","Since I play mostly single-player games designed for the individual's experience, I don't really see how my gaming experience sets me up to be a better team player. I can see why other people with experience playing online multiplayer games such as Valorant and Overwatch can be better team players because they're usually split into teams in which they work together to achieve some sort of goal (e.g. capture the flag, base defense, etc.).",,,,,,,,,
279,94,,,,,,,High Frequency,True,4.0,Half of the time,"Tetris,CIty Skylines,Halo,Stardew Valley,Overcooked","I think so. I play many games where communication and teamwork is very important. There is a shared focused and objective among players, but it cannot be achieved if not everyone does their share.¬†",,,,,,,,,
280,94,,,,,,,High Frequency,True,7.0,Some of the time,"Rocket League,BTD6,Survival Games,Pokemon,Old TTRPG Games","It can yes. It forces me to pay attention too my teammates and their decisions so that I can react accordingly, helping to lead us to success.",,,,,,,,,
281,95,,,,,,,High Frequency,True,7.0,Never,"Chess,Dislyte,Left 4 Dead 2,Clash of Clans,Pok√©mon GO","No, because I usually play alone.",,,,,,,,,
282,95,,,,,,,High Frequency,True,4.0,Half of the time,"Elden Ring,Super Smash Bros. Ultimate,Dwarf Fortress,Team Fortress 2,Red Dead Redemption 2","Absolutely! Being able to communicate and cooperate with teammates and provide valuable information necessary to win a match is incredibly valuable, and I have plenty of experience in such scenarios.",,,,,,,,,
283,95,,,,,,,Low Frequency,True,3.0,Most of the time,"Warzone 2,Destiny 2,The Forest,Minecraft,Halo",Of course. One too many times we had to forfeit a round because a player wasn't supporting (reviving) other players and then we'd all die and have to start over. By working with other players you tend to advance further in the game than if you were solo.¬†,,,,,,,,,
284,95,,,,,,,Low Frequency,False,1.0,Some of the time,"Guns of Icarus,Rocket League,Assassin's Creed: Black Flag,Call of Duty: Black Ops 2,Far Cry 3","I am by no means a gamer, so this is likely less relevant to me. With that said, games like Rocket League and Guns of Icarus (as well as call of duty, to some extent) put you in a team of people you do not know and ask the players to create and execute strategies with these unknown people. That aspect of gaming likely makes me a better team member.",,,,,,,,,
285,95,,,,,,,Low Frequency,True,3.0,Some of the time,"Elden Ring,Dark Souls 1/2/3,Terraria,Call of Duty,Death Stranding","Depending on the game, yes. Recently I have been playing a lot of Call of Duty Warzone 2, which is a battle royale game that requires constant teamwork, and I would say it has made me a better team-player. The game requires a lot of communication if you want to be successful. You have to be calling-out precise locations of enemies frequently and strategizing with your teammates. I can get very stressed out when Warzone gets intense, and I have to make sure to keep my cool so as to not drag down the performance of everyone else. Also, when a teammate dies, you have the option to spend a lot of your cash on ""buying them back,"" which I often prioritize over buying better equipment because it is easy to ganged-up on by other teams when you don't have all of your friends with you.",,,,,,,,,
286,95,,,,,,,Low Frequency,True,1.0,Most of the time,"Sea of Thieves,Overwatch 2,Smash Ultimate,Europa Universalis IV,Minecraft",I do not think it does. I don't play video games frequently enough for it to make a difference.,,,,,,,,,
287,95,,,,,,,High Frequency,True,5.0,Some of the time,"Dwarf Fortress,Final Fantasy 14,Fortnite,God of War: Ragnarok,Mysteries Under Lake Ophelia","I think gaming has definitely increased my ability to communicate in a team setting and converse about what course of action is best. I think it has also showed me that when there is a common goal it is important to maintain common understandings to help the team achieve the goal. I've also learned that call-outs are really helpful, and that is it important to maintain a shared vernacular to understand what people mean when they make quick remarks.",,,,,,,,,
288,95,,,,,,,High Frequency,True,4.0,Some of the time,"Elden Ring,Star Citizen,Terraria,No Man‚Äôs Sky,Sea of Thieves","My gaming makes me a better team player because I get practice with game controls and mechanics playing solo but I learn strategies, tips, tricks, and teamworks essentials when playing with other people. ¬†I learn to effectively communicate in the game-specific jargon and coordinate better to reach whatever goal we‚Äôre playing for. ¬†It has taught me specific skills like patience, communication, effective task allocation, and decision making.",,,,,,,,,
289,96,,,,,,,High Frequency,True,6.0,Half of the time,"Hearts of Iron 4,Squad,Roblox,Team Fortress 2,Minecraft","I like to play support roles.¬† It is in my nature assist my team in whatever way possible.¬† I often switch between roles depending on necessity.¬† I like to keep tabs on the greater situation, using it in combination with locally relevant information to formulate my next move.¬† This makes me very amenable to jumping to and from semi-related tasks at the beginning, middle, or end of completion.¬† I tend to do what is asked or what is needed.¬† I like to be able to be relied upon.",,,,,,,,,
290,96,,,,,,,High Frequency,True,7.0,Some of the time,"Xenoblade Chronicles,Super Smash Bros Ultimate,The Legend of Zelda: Breath of the Wild,Rocket League,Dragonball Fighterz","I do not necessarily think that I have enough experience gaming in teams to be able to tell for myself.¬† However, it does make me aware of roles that I am best suited for.¬† Additionally, I played Little League Baseball, and that is where I got most of my team experience from.",,,,,,,,,
291,96,,,,,,,High Frequency,True,6.0,Some of the time,"God Of War Ragnarok,StarCraft 2,Chess,Risk,Deep Rock Galactic","I think that gaming has made me a better team player because it has improved my communication skills. Planning strategies particularly in StarCraft 2 is very important to the game as having a coherent game plan makes all actions better for your team. This has forced me to strategize with others, listen to other peoples plans and opinions, and compromise to find what is best for the team. Furthermore, I think that gaming has improved my ability to communicate articulately while under stress particularly while playing intense games which makes me a stronger team player overall.",,,,,,,,,
292,96,,,,,,,Low Frequency,True,2.0,Some of the time,"Skyrim,Age of Empires 3,The Sims 3,Super Smash Bros,Phasmaphobia","Yes,¬† the most important part of being a team is communicating. Games create unique scenarios where people need to learn to collaborate and communicate in order to complete a common goal, while sitting miles away from each other.¬†",,,,,,,,,
293,97,,,,,,,High Frequency,True,7.0,Most of the time,"Kerbal Space Program,Apex Legends,Halo Wars 2,Age of Empires,Halo Reach","It does make me a better player. Gaming in a team helps me and my teammates account for each others faults and tackle enemies from multiple sides. I like building tanks, they like building air, and just like that we've got everything covered. I've learned from playing in teams that communication is vital, and though I like to be hyper-aggressive, sometimes you just have to trust your teammates and follow them in. Its helped me become a good supporting player, because I can follow a leader and back them up when they need it.",,,,,,,,,
294,97,,,,,,,High Frequency,True,7.0,Half of the time,"Warhammer 40\,000: Dawn of War - Soulstorm,Hell Let Loose,Dungeons and Dragons,Warhammer 40\,000: Darktide,Escape From Tarkov","I think my gaming does help me become a better team player because many of the games I play require communication and trust, which are key things you need in a team. One of the games I play, Hell Let Loose, is a WWII game where it's two 50ish player sides fighting against each other to take objectives. It's set up so a team has one commander, squad leaders leading infantry, armor, or recon (sniper) squads; then troopers under the squad leaders fulfilling different roles like setting down supplies, building things, or have a specific gun that only certain roles has like a rocket launcher. Each squad has their own chat channel and, besides proximity chat, the squad leaders are the only ones who can talk to other squad leaders and the commander. You could do your own thing and not talk to anyone, but that will only lead to many deaths, frustration, and a swift defeat. Therefore, it's important they you learn how to communicate with your team if you have any hope of achieving victory. Your squad can only be so big and only so many roles can be filled, so you got to talk with your team to figure out what's needed to effectively take or hold an objective or destroy a key target like a tank along with communicate where enemies are coming from so you can effectively counter them. I learned quickly that saying ""They're over there"" is not helpful at all. There are also points in the game where all the squads are full so you got to make your own squad. It's pretty tough because you got to communicate with other squads and the commander to make sure things are getting down while also making sure you have a handle of your squad's situation and they have everything they need to deal with it. Your squad can't see other squad's markings, so you have to learn what information you're getting is important to the squad to relay to them. It can get pretty draining, especially when you have to deal with people who don't care to take orders, but I learned that by communicating and trusting other people to do their job that not only do we win more often, but it's also a lot better and more fun time. You can also pull off some pretty impressive maneuvers with effective communication, such as making a big flank with your squad that can lead to decimating the enemy and taking the objective.¬†",,,,,,,,,
295,97,,,,,,,Low Frequency,True,3.0,Never,"Tom Clancy's Ghost Recon Wildlands,Fallout 4,Far Cry 6,Grand Theft Auto 5,Minecraft","No, because I mostly play single-player games or single-player modes within multiplayer games. I prefer to avoid the highly competitive nature of multiplayer games.",,,,,,,,,
296,97,,,,,,,Low Frequency,True,2.0,Most of the time,"Mariokart,Fortnite,Pokemon Diamond,Pokemon Sword,Pokemon Shield","Gaming does make someone a better team player. While playing games with friends, the focus of the game shifts from an offensive objective to a defensive objective. The priority shifts from kills to finding healing items and an increased enjoyment of the game. The highly successful games incorporate good communication. Communication allows teams to coordinate, strategize, and position themselves in a manner most effective for completing the objective.",,,,,,,,,
297,97,,,,,,,Low Frequency,True,1.0,Half of the time,"BO2,Destiny 1,Battlefront 2,Jedi Fallen Order,Destiny 2","Yes I think it does because it helps with communicating and coming up with design and plan on how to accomplish goals in the game.¬† Which this can translate into working in teams in person because you have good communicating and have different view of the goal. It also helps with structuring the team itself, figuring out each teammates strengths and weaknesses.¬†",,,,,,,,,
298,97,,,,,,,Low Frequency,True,2.0,Half of the time,"Super Mario Bros,Fallen Order,Legend of Zelda,Mariokart,Modern Warfare",I believe it does make me a better team player. This is because I am able to collaborate and find solutions with other people even in a remote setting. I am an online student so I believe this will end up being a good strength for me this semester!,,,,,,,,,
299,97,,,,,,,Low Frequency,True,3.0,Most of the time,"Arma 3,Squad,Darktide,Star Citizen,No Man's Sky","Potentially, although I never thought of it in that way. Most of the games I play are cooperative and team-oriented- usually with several groups of people. As such learning to work with others and, in turn, them learning to work with me is a big part of that.¬†",,,,,,,,,
300,98,,,,,,,High Frequency,True,7.0,Most of the time,"Rocket League,Final Fantasy 14,World of Warcraft,Minecraft,League of Legends",Gaming makes me a better team player because I've learned that some puzzles and problems aren't meant to be solved by a single person. Some challenges require a group effort where each member does their part and helps the other members grow enough to meet the challenge.,,,,,,,,,
301,98,,,,,,,Low Frequency,True,2.0,Never,"Mario Kart,The Legend of Zelda: Breadth of the Wild,Super Smash Bros,Luigis Mansion 3,Lego Star Wars","I do not think so because I do not play in a team. But I will add, I played competitive sports at a high level for over 10 years growing up and I think that significantly impacted how to be a better team player.",,,,,,,,,
302,98,,,,,,,Low Frequency,True,3.0,Half of the time,"Azur Lane,Destiny 2,Honkai Impact 3rd,NIKKE,CounterSide",I think it does because you get to communicate with others and share ideas. I think it also helps you be a better communicator.¬†,,,,,,,,,
303,98,,,,,,,Low Frequency,True,2.0,Most of the time,"Minecraft,Team Fortress 2,Counter Strike Global Offensive,Left 4 Dead 2,Mario Kart 8 Deluxe","I'd say it gives me more experience than I would have otherwise, but I don't know if its enough to make me a better team player than I would otherwise be.

Although many of the games I play are team based, there isn't a whole lot of planning that goes on (I don't usually play any competitive modes), so everything is pretty relaxed. As long as your contributing and there when other people need you, most people would consider you a ""good team player""",,,,,,,,,
304,99,,,,,,,Low Frequency,True,3.0,Some of the time,"Counter Strike Global Offensive,Chess,Minecraft,Civilization 5/6,Dungeons and Dragons","I think that playing dungeons and dragons has allowed me to flex several team skills throughout the game. During combat sections, it is incredibly important to work with your party members, and also to perform the tasks that your class is the best at for success. Though you might want to kill a monster as a cleric, it is far more important to prevent party members from dying with your healing so sometimes you have to give up glory for what is best. This also rings true for any social encounters in the game, as it is important to learn about each other's characters and get into the headspace of yours. This builds empathy and social understanding with people who are not like you, and I think that the game is unique for all of these aspects.¬†",,,,,,,,,
305,100,,,,,,,High Frequency,True,7.0,Most of the time,"League of Legends,Final Fantasy XIV Online,Genshin Impact,Blue Archive,Call of Duty (Franchise)","I'd say yes‚Äîespecially in my top two games: Final Fantasy XIV Online and League of Legends. In the former, I almost exclusively play a Healer role, and in the latter, I mostly only play the Support role. I have played these supportive roles in cooperative games for most of my life and have always enjoyed channeling my focus into keeping my teammates at full health and setting them up for big plays or for smooth clearing. Because my perspective is one of supportive play, I am often looking at the whole team in a more objective way, where I try to fit each player into a position or responsibility that they are best suited for. Rather than looking for opportunities to make big plays myself, my thought process is always on being the one to set up the field and pass the ball to my teammate who is best suited for leading us to victory.¬†",,,,,,,,,
306,100,,,,,,,High Frequency,True,4.0,Some of the time,"Overwatch,Minecraft,Pokemon,Mindustry,Terraria","Yes it does make me a better team player. The way that it makes me a better team player is because I usually play support roles in my video games. By playing these supporting roles in these games I help amplify what other people do inside the game. I can play a medical role, where I help keep people in the game, or I play a role that boost peoples actions they make. With these supporting roles, it requires me to talk and communicate with my team to get the perfect time to heal or boost.",,,,,,,,,
307,100,,,,,,,High Frequency,True,7.0,Some of the time,"Wild Rift,Pokemon Unite,Elden Ring,Tekken 7,Destiny 2","Gaming makes me a better team player when I have a consistent, and communicative, team. I often play solo, as finding a team can be quite difficult due to God-complexes and ill-mannered individuals. If a team contains someone who works independently, unwilling to communicate in the functionality of the unit, morale falls and the unit breaks.¬†

When everyone is willing to communicate, and is ready to learn, while all are deemed equal, that is where the magic happens. It is within this space that I thrive, not only as a gamer, but as a team player. I actively hope and pursue a team that can reach that potential.

I feel gaming makes me a better team player due to my aspirations of wanting to see my team improve and succeed. Often, in team style games, I find myself playing the support role. A role that requires a mutual trust of both parties to fully be successful. When I have the right team, I find myself researching game tactics more often than if I were playing solo. I also find myself asking questions more frequently to instigate the sharing of insights and ideas within the team.¬† I also try to have one on one time with each member to get to know them better. There may not be an ""I"" in ""TEAM,"" but there is an ""I"" in ""Individual"" and you cannot create a team without a collection of individuals. Nor can you have a team if one of the individuals decides to not show up. I find it important to know all the individuals of my team well enough to know when they need help. This way the rest of the team can help with lightening their load if needed.¬†

¬†

I could write forever about teamwork, so I will stop here before I create a novel.

¬†",,,,,,,,,
308,100,,,,,,,High Frequency,True,7.0,Most of the time,"Factorio,League of Legends,GTFO,,","Yes. In League there is absolutely no way to win without playing around and with your teammates. Frequently the best play is to support one of your teammates rather than trying to do something yourself. As much as it emphasizes being a team player, it also emphasizes that having a single person not trying to win can ruin it for the entire team.",,,,,,,,,
309,100,,,,,,,Low Frequency,True,3.0,Most of the time,"League of Legends,Minecraft,Pokemon,Portal,Smash Bros",I think gaming does make me a better team player. It makes me better at quick communication and thinking on my feet and under pressure.,,,,,,,,,
310,100,,,,,,,High Frequency,True,7.0,Some of the time,"Cities Skylines,Destiny 2,Terraria,Minecraft,Mario Kart",Gaming has helped teach me how to effectively communicate and coordinate as a team to accomplish a shared goal,,,,,,,,,
311,101,,,,,,,Low Frequency,True,3.0,Half of the time,"Terraria,Minecraft,Tabletop Simulator,Risk of Rain 2,Warframe","In Minecraft I have worked with other people on projects that required a fair amount of collaboration. These sometimes required particular tasks to be delegated. For instance, one person might work on a farm to obtain a food item or other resource, while another built tools like pickaxes needed for more efficient construction.

Alternatively, if multiple people worked on one area, then details would need to be shared on that particular project. For instance, I had to show the area that needed to be dug out for an underground farm to other people who assisted in the excavation, and we then discussed and attempted possible methods of digging more quickly.

These collaboration skills that I partly developed from doing these types of projects in Minecraft have come in very handy when working with others on software projects. During the VR Challenge a few months ago, I approached the task not unlike I would a collaborative Minecraft project, and my team ended up winning first place.",,,,,,,,,
312,101,,,,,,,Low Frequency,True,2.0,Half of the time,"grounded ,stardew valley,overwatch,minecraft,baldur's gate","gaming can make you a better team player if you play team games where you have to actually work with and support your teammates, conflicts in games for decisions can give you some skills needed for conflict mediation in the future. However, games that encourage solo play even in multiplayer environments where team based play is less important than individual performance can encourage lone wolf behavior that can influence worse team behavior.",,,,,,,,,
313,82,Computer Science,Junior,14,"Minecraft,Arkham City,Mario Kart,Smash Bros,Lego Marvel","I think that gaming helps me be a better team player by helping my strategize, and in the case of multiplayer games, it helps me learn to work with others, and use the strengths of everyone involved to come up with a solution.¬†",,High Frequency,,,,,,True,5.0,Some of the time,,,,,,
314,50,Computer Science,Senior,13,"Baldur's Gate 3,Elden Ring,Legend of Zelda Tears of the Kingdom,Fortnite,Civilizations VI","I believe that it does. While I mostly play single player games, I think gaming encourages you to think critically about you and your teams strengths, weaknesses, and goals. I find this true for both single player and multiplayer games. When it comes to multiplayer games in particular, I think that it also encourages effective communication between teammates.",,High Frequency,,,,,,True,7.0,Some of the time,,,,,,
315,70,Computer Science,Junior,13,"red dead 2,overwatch,call of duty,diablo 5,GTA",Yes my gaming make me a better team player since mostly i like the games that requiers team work and need couple minds to think of it.,,High Frequency,,,,,,True,4.0,Most of the time,,,,,,
316,71,Computer Science,Senior,14,"osu!,Sea of Thieves,Chess,Overwatch,LoL",Gaming with a team will teach you the futility of getting frustrated with team members rather than being constructive.,,High Frequency,,,,,,True,7.0,Most of the time,,,,,,
317,74,Exp St: IT Int,Junior,14,"Eternal return,Baldurs gate 3,Final fantasy xiv,Black desert,Overwatch 2",I think playing video games that require team work and coordination have made me a better team player as I've gained lots of experience being in an environment with a group.,,High Frequency,,,,,,True,7.0,Half of the time,,,,,,
318,91,Computer Science,Junior,16,"Rocket League,Runeterra,Baldur's Gate 3,CS:GO,Apex Legends","I believe it does. Gaming has taught me self-management and team-play. Working with others towards a common goal over the span of a couple of minutes or weeks at time. As well, learning how to deal with different personalities and ensure that all people come towards the common goal is a common issue. Outside of team-play, things like resource management is a common need and so helps me as well.¬†",,High Frequency,,,,,,True,4.0,Most of the time,,,,,,
319,97,Computer Science,Senior,13,"Karma,Wacky Six,Phase10,Azul,Sequence","I'm not a video game enthusiast, but I do play board and card games. Most of these games have an individual-based playing style that creates a competitive environment. Occasionally, I have played strategy-based games such as Pandemic or Forbidden Island. Strategy games do facilitate players discussing options and moves that will have different effects of the game play. This requires me to share my ideas while also being open minded to other players‚Äô ideas to the solution. It has taught me to be willing to sacrifice my desires for the greater good of the group. You must learn not to regret past mistakes and to continue moving on to the best of your ability. Criticizing other‚Äôs ideas that have had a negatively affected the game play cause discontent and friction amount the group.¬†",,Low Frequency,,,,,,False,0.0,Some of the time,,,,,,
320,94,Computer Science,Junior,13,"Overwatch 2,Apex Legends,Elden Ring,Remnant II,The Legend of Zelda","Yeah I would say so. My top 2 games played are multiplayer hero shooters, so I am usually picking the character or class that best fits with whatever my friends are using. I would say that this makes me a better team player because it makes me more flexible and able to work with whatever gets thrown my way",,High Frequency,,,,,,True,4.0,Always,,,,,,
321,98,Computer Science,Junior,10,"Minecraft,Rainbow 6 Siege,Fallout 76,Destiny 2,COD","Even though my friends and I really don't play games competitively and more just for fun, I would say that it does make me a better team player. Through gaming, I get a similar experience to when I played competitive baseball where you have some sort of objective to reach, and everyone has their own roles. When people follow their roles and do their jobs well, you can accomplish your goal as a well organized team. But it also forces you to adapt to different and unexpected circumstances, for example if someone fails at their role, then some other people have to pick up the slack in order for the team to be successful.¬†",,Low Frequency,,,,,,True,1.0,Most of the time,,,,,,
322,100,Computer Science,Sophomore,14,"N/A,N/A,N/A,N/A,N/A","I am not really a gamer, but a way gaming can make someone a better team player is when people are forced to work together. For example, the popular game Fortnite, where if you are playing in teams, you are dropped off in a map where you have to beat all the other teams in the map with you in order for your team to win. In order to win the match, people will happily/willingly work together and strive towards winning as a team rather than as an individual.¬†",,Low Frequency,,,,,,False,0.0,Never,,,,,,
323,93,Computer Science,Senior,3,"Overwatch,Rainbow Six Siege,Rocket League,God of War,Call of Duty","Yes it does, it allows me to make call-outs and communicate more clearly with people. It also helps navigating high pressure situations by using the strengths and weaknesses of players and their kits to effectively diffuse situations.¬†",,High Frequency,,,,,,True,4.0,Most of the time,,,,,,
324,80,Exp St: CSU Online,Senior,9,"Rainbow 6,CSGO,Overwatch,Quake,","Yes. Gaming in a team requires good communication to be successful. When the team doesn't communicate, information is lost and people aren't on the same page most of the time. When communicating, everyone can work together and complete the objective of the game in a more efficient manner.",,High Frequency,,,,,,True,4.0,Most of the time,,,,,,
325,92,Computer Science,Junior,15,"rust,csgo,overwatch 2,fortnite,valorant","I think it might in some ways. There is certainly a lot of communication that goes on in a very quick span of time that isn't often seen to this degree of speed in a lot of other hobbies. As far as playing casually I'd say there is some of this dependent on the skill level of the players, though real team building is most often experienced in organized competitive play where split second decisions matter most.¬†",,High Frequency,,,,,,True,5.0,Half of the time,,,,,,
326,98,Computer Science,Junior,13,"Valorant,Terraria,Fallout 4,Death Stranding,Stardew Valley","I would say it does because more people generally means more ideas are brought to the table. When I play with my friends and we all listen to each other's ideas to form a strategy, we do better at the game than when we do not work together or listen to each other.",,Low Frequency,,,,,,True,3.0,Some of the time,,,,,,
327,93,Computer Science,Senior,16,"Valheim,Risk of Rain 2,7 Days to Die,,","Gaming can help make someone a better team player. Through my experiences with my friends, we all have to work together to decide where to spend our skill points, the resources we gather, or the tasks we complete. Making decisions without coordination makes the game more challenging for everyone and often results in a worse playing experience.",,Low Frequency,,,,,,True,2.0,Always,,,,,,
328,93,Computer Science,Senior,12,"Baldurs Gate 3,Dota 2 ,Elden Ring,Rocket League,Team Fortress 2","I find that most gamers just want to relax and enjoy themselves with little teamwork or strategy. I am however in a unique situation where I play in a league with my friends in what's known as one of the hardest strategy games on the market right now. This definitely makes us better team players as we have had to develop ways to communicate complex topics with one another during high pressure situations. We also have ""meetings"" where we watch our gameplay footage back, which has helped us learn how to communicate about how to improve our teamwork.¬†",,High Frequency,,,,,,True,5.0,Half of the time,,,,,,
329,89,Computer Science,Junior,17,"Minecraft,COD Warzone,CSGO,League of Legends,GTAV",Most of the games I play are in the competitive genre. All of them involve working as a team to perform well or win. I think in this way it helps with making me a better team player.,,High Frequency,,,,,,True,7.0,Most of the time,,,,,,
330,75,Computer Science,Senior,16,"League of Legends,Escape From Tarkov,Rocket League,Stardew Valley,Slime Rancher","Absolutely, gaming in most games requires you to work as a team and communication is number one in a virtual environment. Since you cannot help them physically control their characters in the game for the most part. For example, if they need help with controls you need to verbally communicate how to do it. Situations such as this may prove for difficult than expected. In a lot of games, similarly to sports, you cannot fully win on your own. Your team is as strong as the weakest link and with that, you need to assist your team in most instances rather than leaving them behind.",,High Frequency,,,,,,True,7.0,Most of the time,,,,,,
331,90,Computer Science,Junior,6,"Minecraft,Destiny 2,League of Legends,Valorant,CSGO","I'd say so. Most of these games can be played with friends and a lot of the content in Destiny 2 revolves around team play and relying on others to complete mechanics. If nothing else, the learned communication translates to other teamwork.",,High Frequency,,,,,,True,4.0,Half of the time,,,,,,
332,63,Computer Science,Senior,18,"Counter strike,League of legends,Baldurs gate,Teamfight tactics ,Valorant","Yes, because communication when you‚Äôre playing with others is key and over my gaming experience I‚Äôve had to learn to communicate and handle the players around me.",,High Frequency,,,,,,True,7.0,Most of the time,,,,,,
333,78,Computer Science,Senior,12,"Baldurs Gate 3,CSGO,COD,Rocket League,Monster Hunter",I believe it does because I've always been a supportive role player that shines by enabling others to do there best. I'd rather succeed as a team than fail as an individual.¬†,,High Frequency,,,,,,True,5.0,Most of the time,,,,,,
334,85,Computer Science,Senior,17,"Star Wars: Galaxy of Heroes,Destiny 2,Apex Legends,Minecraft,Binding of Isaac","I've learned both when to lead and when to follow when gaming because as much as every team needs someone people who know what they are doing, sometimes you have to step back and let others take point even if you have the same knowledge as them.",,Low Frequency,,,,,,True,2.0,Most of the time,,,,,,
335,88,Computer Science,Senior,16,"Minecraft,Overwatch,Pokemon,Animal Crossing,Rainbow Six Siege","I believe it can if you are with friends and people you truly want to cooperate with in a cooperative game. A lot of games are competitive against your friends though, and many more are simply single player.",,High Frequency,,,,,,True,7.0,Some of the time,,,,,,
336,81,Computer Science,Senior,15,",Call of Duty Black Ops III,,,","No. I only play one game, and it's a really low-skill game I play primarily for the adrenaline rush. I am mostly unaware of my team the entire time I'm playing.",,Low Frequency,,,,,,False,1.0,Never,,,,,,
337,78,Computer Science,Junior,12,"Beat Saber,VRChat,Skyrim,Minecraft,Civilization 5","I wouldn't say it makes me a better team player. If I'm being perfectly honest, I get much more entertainment out of single-player games than multi-player games. Multiplayer games can be fun, but the process of thinking about other people and what they think of me, and trying to work together; that process ends up sucking all of my energy away, because I'm so preoccupied thinking about other people that I can't think about the game itself.

The only multiplayer games I do play are games where I'm either focusing entirely on the social aspect of the game, or I have no need to worry about the social aspect of the game (e.g. VRChat for the former, Beat Saber for the latter).¬†

Multiplayer competitive games such as Valorant, League of Legends, or Call of Duty end up stressing me out. My team mates are passionate about winning the game, but I have neither the motivation nor the skill to assist them, and I end up simply feeling much worse about myself, while also stressing out the entire time.

I quite enjoy board games like Chess or Go, because while I am playing with another player, all I need to do is focus on what I am doing. And I enjoy the strategy of those kinds of games.

If you haven't noticed I'm quite an introverted person, and I believe that this class will be an incredibly difficult experience for me.¬†",,Low Frequency,,,,,,True,1.0,Never,,,,,,
338,78,Computer Science,Senior,12,"Madden,Assassin's Creed ,Call of Duty ,NBA 2K,Skyrim","I think it does, most importantly I think it really helps in improving communication skills, and helps build upon new or existing connections between teammates that form strong bonds.¬†",,Low Frequency,,,,,,True,1.0,Some of the time,,,,,,
339,75,Computer Science,Senior,9,"Fifa,Apex legends,Ghosts of tsushima,,","It helps In a sense of needing to be supportive to teammates to allow the whole team ti succeed. But I also often find myself ruling out a player from our team games if they prove to be detrimentally incompetent. This would mean being hesitant to support them, protect them, or just generally letting them go off and do their own thing while the rest of us work as a team",,High Frequency,,,,,,True,7.0,Always,,,,,,
340,94,Computer Science,Junior,12,"Fortnite,Fifa 23,Counter-Strike: Global Offensive,Apex Legends,Valorant","Playing with a team can have both pros and cons. Personally, I like when I play with a team more than playing solo because I always prefer collaboration and teamwork, learning from others, and a competitive environment. But what I don't like when playing with a team is conflict and communication issues.

¬†",,Low Frequency,,,,,,True,2.0,Most of the time,,,,,,
341,81,Computer Science,Junior,17,"Smash bros melee ,Smite,Risk of rain 2,Diablo IV ,FIFA","Yeah, I think it helps with communication and task completion.¬†",,Low Frequency,,,,,,True,3.0,Some of the time,,,,,,
342,90,Computer Science,Senior,12,"Clash of clans ,Mario,care race,basketball ,Fifa",If we play Fifa if my friends did good that matter to me. team will make us to win the game.,,Low Frequency,,,,,,False,0.0,Never,,,,,,
343,76,Computer Science,Senior,13,"Portal,Mario Kart,Rainbow Six Siege,Rocket League,Minecraft","My most played game is a tactical shooter where you play on a team of 5. I played many hours on the competitive version of this game, and I think it overall helped me become a better team player. I was committed to my team and did all I could to help them win, but also realized that winning is not always going to happen and that we can all learn from our mistakes.",,Low Frequency,,,,,,True,2.0,Some of the time,,,,,,
344,74,Computer Science,Junior,12,"CS:GO,Valorant,Rainbow Six Siege,Call of Duty MW2,Apex Legends","In my opinion I would say yes. I think that especially in competitive team games, the focus is pulled away from the performance of the self, and pushed more towards what's best for the team whether that means staying back and making sure your team doesn't get flanked, or diving in and pulling attention away from the team, even if it means putting yourself into a less favorable position on your own. Essentially it teaches you collaboration in a high stress environment, which is important in group projects and the real world.",,Low Frequency,,,,,,True,3.0,Most of the time,,,,,,
345,98,Computer Science,Senior,18,"Getting over it,Minecraft (My nephew's current favorite),Astroneer,The Raft,Valheim","I think it does make me a better team player.¬† Working together with people in a game have helped me develop some skills, like good communication under pressure, that seem to translate well to working in a team in other areas. It also seems to help develop a ""team mindset"", making it easier to think about how to help a team to accomplish a goal instead of doing everting on your own.",,Low Frequency,,,,,,True,1.0,Half of the time,,,,,,
346,92,Computer Science,Junior,15,"GTA V,Call Of Duty MWII,CS:GO,Forza 5,Minecraft","I think it is subjective to what kind of gaming you are doing. While some games require no teamwork and probably don't make you a better team player, many are the opposite. Most of the games I play require good team work, communication, planning, and group decision making. These are all thigs that by definition contribute to being a better team player.",,High Frequency,,,,,,True,7.0,Always,,,,,,
347,93,Computer Science,Junior,13,"Minecraft,Warframe,Call Of Duty,Terraria,Forza",I think it definitely does because I know the annoyance of a poor team player and how much smoother tasks go when the whole team is contributing the most they can.,,Low Frequency,,,,,,True,3.0,Some of the time,,,,,,
348,89,Computer Science,Senior,12,"Remnant 2,Bloodborne,Elden Ring,Tekken 7,Zelda",I don't play co op.,,Low Frequency,,,,,,True,1.0,Never,,,,,,
349,87,Computer Science,Senior,13,"Remnant 2,Hunt Showdown,Hearts of Iron 4,NA,NA","It requires frequent communication to coordinate how best to win, so yes.¬†",,High Frequency,,,,,,True,4.0,Most of the time,,,,,,
350,81,Computer Science,Junior,19,"League of Legends,CS:GO,ARK,Hades,Jump King",I'd think so. I feel like I'm able to understand certain situations and be able to delegate tasks to people because of video games.,,High Frequency,,,,,,True,7.0,Most of the time,,,,,,
351,85,Computer Science,Senior,15,"For Honor,Rocket League,Clash Royale,Minecraft,Valorant",Yes I believe many of the games I play reward strong teamwork and are almost always easier in communicative groups. The biggest thing I've learned about being a good team player is that weaknesses are often more important than strengths. Aiming to assist your teammates in areas they are weak can have better results than trying to maximize your strengths.,,Low Frequency,,,,,,True,3.0,Some of the time,,,,,,
352,91,Computer Science,Junior,6,"Magic The Gathering Arena,Forza Horizon 5,Destiny 2,Call of Duty,CS:GO","I don't know if gaming necessarily makes me a better team player, but I do see how my teamwork skills shine while I'm gaming with others/friends.¬† I am normally able to communicate well with everyone, kind of giving me a ""mediator"" role.",,Low Frequency,,,,,,True,3.0,Half of the time,,,,,,
353,94,Computer Science,Senior,16,"Old School Runescape,World of Warcraft,Minecraft,Skyrim,Borderlands","Yes my gaming has made me a better team player. Team based games require a certain level of group coordination and cooperation, and the majority of my gaming is team based. I've worked with groups of 5-40+ players to the successful completion of objective based content as both a raid leader and group participant.",,High Frequency,,,,,,True,5.0,Most of the time,,,,,,
354,81,Computer Science,Senior,12,"War thunder,World of tanks,deep rock galactic ,EU4,VR chat","Deep Rock Galactic makes you a better team player. From the complex battle against the bugs you are fighting to the excellent balance of the game every person on the team has an important role that has to be completed to make sure your team of dwarves has the highest chance at survival. From the moment you are placed into your battle field you have to have each others back from the miner who mines resources, to the scout who has to light the room. The heavy needs to know who and where almost everyone is so the team has the highest chance of survival. World of tanks is a game that I will admit that I had put too much time into. The general saying is that you had to have over 10,000 hours in a subject to become an expert in it and I am somewhat ashamed to admit that I have somewhat passed that mark a long time ago. However, I no longer play said game. That being said, I used to play World of tanks professionally where I competed for cash prizes. The coordination needed to run a 7-man team effectively is a stressful has given me skills and the ability to coordinate on a level that I believe I would have never gotten without these experiences. For these reasons I believe that playing these games has given me insights that I think apply greatly to a team setting.",,Low Frequency,,,,,,True,2.0,Some of the time,,,,,,
355,100,Computer Science,Senior - Second Bachelor,14,"Diablo,Baldur's Gate,Street Fighter,Zelda,Mario",Not really. I just game for fun with my friends. Mainly to let loose. I'm not a hardcore gamer.,,Low Frequency,,,,,,True,1.0,Most of the time,,,,,,
356,99,Computer Science,Junior,9,"Rainbow Six Siege,Insurgency Sandstorm,Team Fortress 2,BattleBit Remastered,Roblox","I feel like it does, especially because it not only teaches me how to hold my own if my team can't do certain things, but it helps me rely on them for things I can't do. This especially applies to MilSim games where I physically cannot do certain things and need help from my teammates to progress and fight back.",,High Frequency,,,,,,True,5.0,Always,,,,,,
357,93,Computer Science,Senior - Second Bachelor,13,"Warcraft 3,DOTA,World of Warcraft,,","Yes, your teammates always have something I do have. I have never been a talented gamer and my teammate always do better than me. I rely on others' contribution within a team when I work in a team.",,Low Frequency,,,,,,True,0.0,Some of the time,,,,,,
358,89,Computer Science,Senior,12,"none,none,none,none,none","I am a good team member, but I don't think it has something to do with games.¬†",,Low Frequency,,,,,,False,0.0,Some of the time,,,,,,
359,92,Computer Science,Junior,15,"Age of Empires 2,Street Fighter 6,Elden Ring,Deep Rock Galactic,Rocket League","Yes, because you have to communicate and coordinate well with the other members of your team in order to be successful.¬†",,Low Frequency,,,,,,True,3.0,Most of the time,,,,,,
360,93,Computer Science,Junior,15,"Rotmg,Destiny 2,Rust,Call of Duty,Minecraft","Yes, communication is essential if the game requires so, Rust is probably the best example because you cannot succeed without it, thus by forcing it.¬†",,High Frequency,,,,,,True,7.0,Half of the time,,,,,,
361,97,Computer Science,Junior,14,"World of Warcraft,Path of Exile,Hearthstone,Dark Souls Franchise,Diablo","I definitely think I have learned to be a better team player through gaming. Many games I play are single-player or single-player adjacent but the one that stands out is World of Warcraft. I have a lot of friends that play this game with me and running content such as dungeons (5-player) or Raids (up to 20-player) takes a lot of coordination and communication. This communication often needs to be fast and on the fly so I think this has taught me to be more specific and precise about communication on teams. Because of how large these teams can be sometimes, I also learned a lot of patience working on teams. Sometimes one team member just isn't understanding what to do and I think I learned a lot of patience and how to find new ways to communicate a point rather than just repeating the same thing over and over to no avail. I think team gaming has also taught me how to stay positive in a negative situation. I used to play a lot of League of Legends which is known for having a toxic play environment. This being the case, I learned how to not only just avoid the toxicity but spin it and try to make a positive environment out of it. It was amazing how much more often you would win games with positive environments compared to negative ones!",,High Frequency,,,,,,True,7.0,Some of the time,,,,,,
362,89,Computer Science,Senior,3,"Various Cell phone games ,Cities Skylines,Sudoku,,","I typically play video games to kill 10 to 15 minutes at a time when waiting for the bus or other times when I just need to detach for a little. I don't typically play team-based games, or play games with any regularity.¬†",,Low Frequency,,,,,,False,1.0,Never,,,,,,
363,95,Computer Science,Senior - Second Bachelor,7,"Team Fortress 2,Counter-Strike,Overwatch,Pokemon,Apex Legends","Yes, because I have met all sorts of people through gaming which has made me appreciate that everyone has a different skillset and personality but we all can connect in some way.",,High Frequency,,,,,,True,5.0,Most of the time,,,,,,
364,86,Computer Science,Junior,13,"Fortnite ,Call of Duty,PUBG,Among us ,Apex",Yes. Its more fun to play when you win. You win by having strong team communication.¬†,,Low Frequency,,,,,,True,0.0,Always,,,,,,
365,81,Computer Science,Junior,18,"Battlefield 1,Total War (all games in series),Diablo II,Chivalry 2,Mortal Kombat (recent installments)","Depends. I think it makes me a better leader in tactic based games, but it doesn't help in more reaction/skill based games.",,High Frequency,,,,,,True,7.0,Half of the time,,,,,,
366,87,Computer Science,Junior,12,"Rainbow Six Siege,Rust,Ready or Not,Minecraft,CSGO","Yes, I believe gaming does make me a better team player because the games I play involve a lot of communication and individual work that helps out the team as a whole.",,Low Frequency,,,,,,True,3.0,Always,,,,,,
367,80,Computer Science,Junior,18,"Apex,Overwatch,Minecraft ,Halo,GTA",Developing communication is key,,High Frequency,,,,,,True,4.0,Most of the time,,,,,,
368,71,Exp St: Eng Int,Senior,12,"Team fight tactics ,league of legends,sqaud ,Vr Pavlov,","Yes, the short answer is im able to work with a team an divert attempts of them leading me over and edge. im able to effectively communicate our strengths and weaknesses. The art of war also has given me a good idea of when to rally your team to attack or defend.",,High Frequency,,,,,,True,5.0,Most of the time,,,,,,
369,100,Computer Science,Junior,14,"Rainbow Six Siege,Overwatch,Call of Duty,Fortnite,Apex Legends","Gaming makes me a better team player because it teaches me to be selfless. For example, when choosing roles within a team game, I often choose roles that I may not have otherwise chosen on my own, or roles that I may not feel comfortable in, such as playing as a healer. Although healing is an important component of team play, healing is often not as fun or as exciting as playing other roles. However, the team needs a healer in order to win. Therefore, if we want our team to succeed, sometimes we must choose roles within a team based on the needs of the team and not the needs of the individual.",,Low Frequency,,,,,,True,1.0,Most of the time,,,,,,
370,98,Computer Science,Junior,15,"Titanfall 2,Destiny 2,Terraria,Elden Ring,Counter Strike GO",I think it does to a degree by improving my ability to communicate complex concepts under stress.¬† ¬†,,Low Frequency,,,,,,True,3.0,Some of the time,,,,,,
371,76,Computer Science,Senior,16,"Overwatch,if all time... Black ops 3,Fortnite ,Counter-Strike,Minecraft","Yes, if you've ever competitively gamed, you know your communication and teamwork has to be flawless. You and the team your playing against are frequently very close in skill it simply comes down to team chemistry.¬†",,Low Frequency,,,,,,True,3.0,Some of the time,,,,,,
372,96,Computer Science,Senior - Second Bachelor,9,"COD,NBA 2K,Fortnite,Minecraft,More story driven games like Last of Us or God of War","I would say so, I think that gaming can show a lot of the positive impacts of teamwork. When you game with a team and work well together you often are having fun and also accomplishing the goal you are trying to achieve. I would think that same approach would help in most team settings and just help to make work go smoother overall as a team.",,High Frequency,,,,,,True,4.0,Most of the time,,,,,,
373,87,Computer Science,Junior,13,"Fallout 4,Ratchet and Clank (new one),Overwatch,Street Fighter,League of legends",It allows me to be able to get along with anyone I queue up with and make a good relationship. I only have a set time limit before the game ends but sometimes we become friends and keep playing. I think it helps you communicate well.¬†,,High Frequency,,,,,,True,7.0,Most of the time,,,,,,
374,88,Computer Science,Junior,15,"Spider-Man PS4,God of War: Ragnarok,Grand Theft Auto 5,Super Mario 64,Diablo 3","I feel like gaming makes me a better team player because, while most games I play are single-player, it allows me many opportunities to think on my feet and determine what I need to do t accomplish my goals. I think this translates to being able to accurately do my part in a team to complete my tasks and understand what I need in order to complete those tasks.",,High Frequency,,,,,,True,4.0,Never,,,,,,
375,100,Computer Science,Senior,17,"Rainbow Six Siege,Counter Strike Global Offensive,Deep Rock Galactic,7 Days To Die,Valorant","Most definitely it does! I am a very competitive Counter Strike player. Skills can only get you so far, but its actually good teamwork and communication that gets you to the top. Counter Strike Global Offensive (CSGO) has a reputation for having a toxic community. Because of this, I have seen what can make teams fail fast. Toxicity in teamwork never works and always ends in a crash and burn match. This would also happen in any profession that may have a toxic team. Playing CSGO has also shown me what makes teams thrive. Obviously competence helps, but that's not all. Positive reinforcement for individuals who underperforming can change their performance levels. Same thing can happen in any team of any profession. People have off days and on those days, its nice to hear some positive reinforcement from your team.",,High Frequency,,,,,,True,5.0,Most of the time,,,,,,
376,71,Exp St: Comp Mjr CSU Online,Junior,12,"Warzone,Fortnite,Minecraft,Overcooked,Gangbeasts","Yes, communication is key in team games to accomplish a common goal both efficiently and in a timely manner.¬†",,Low Frequency,,,,,,True,3.0,Most of the time,,,,,,
377,77,Computer Science,Junior,13,"Minecraft,Apex Legends,Legend of Zelda,Destiny 2,Star Wars Battlefront","I only ever play in a team and with my friends. This has helped me learn how to be encouraging when we have tough games, as well as how to provide and accept helpful criticism where needed.",,High Frequency,,,,,,True,4.0,Always,,,,,,
378,84,Computer Science,Senior,15,"Stormworks,War Thunder,Space Engineers,Brotato,AutoTerraFirmaCraft","It can, if it's the right kind of game. Single player games will have little impact on those skills while some multiplayer games completely ignore the communication needed to properly coordinate teams. Brotato is a single player game and thus has no bearing on teamworking skills. War Thunder is multiplayer, but it is mostly anonymous as your team is randomly selected each match so you can't build any real teamwork. There are squads but they can only be 4 people max so you end up mostly ignoring your team. The rest of the games I listed are multiplayer optional games. This means that what communications you do have are completely voluntary and more meaningful.",,High Frequency,,,,,,True,7.0,Always,,,,,,
379,95,Computer Science,Junior,14,"Pokemon,Minecraft,The Binding of Isaac: Repentance,Cassette Beasts,Celeste","It does help me practice communication a bit, but not much since I usually play alone, and when I do play with others it's almost always people I already know.

¬†

I have heard communication is an important skill for teamwork, so technically the answer is yes.",,High Frequency,,,,,,True,7.0,Some of the time,,,,,,
380,90,Computer Science,Junior,14,"mario kart ,smash bros ultimate,legend of zelda,dark souls,call of duty","I definitely think gaming makes you a better player. Even though I mostly just have time for single player games recently, I was very into Counter Strike a couple years ago. In that game, you need to communicate well with your teammates and assign each player to an individual task. I think these skills can transfer to teamwork in a professional setting.",,High Frequency,,,,,,True,4.0,Some of the time,,,,,,
381,96,Computer Science,Senior,13,"Hollow Knight,World of Warcraft,Dead Space,Bioshock,Call of Duty",My gaming experience has helped me become a better team player by allowing me to learn how to work with others to achieve a common goal. Gaming has helped me figure out how people should pull their own weight and what can lead to successes or failures of a team.,,High Frequency,,,,,,True,7.0,Half of the time,,,,,,
382,96,Computer Science,Senior - Second Bachelor,14,"Dark Souls,World of Warcraft,Hollow Knight,Elden Ring,Clash Royale",My gaming experience has made me a better team player by taking on challenges where the performance of everyone involved affects the result.,,High Frequency,,,,,,True,7.0,Some of the time,,,,,,
383,95,Computer Science,Junior,13,"Hollow Knight,World of Warcraft,Persona 5 Royal,Elden Ring,Baldur's Gate 3","Gaming makes me a better team player by challenging me to optimize chances of success depending on the team's situation. For example, I decide who to heal or what enemies to face based on my teammates' strengths and weaknesses. These skills make me a better team player in a more general sense because these adjustment strategies can be implemented in teams outside of games completing tasks such that team weaknesses are covered and team strengths are used to the fullest.",,High Frequency,,,,,,True,7.0,Some of the time,,,,,,
384,100,Computer Science,Sophomore,13,"Ghost Recon Breakpoint,Warframe,Dark Souls 3,Sea of Theives,Minecraft","Most of the time I am playing games with friends in a cooperative environment. I tend to focus on doing my own thing, but when help is needed I am capable of working with the group to assist in completing the task. I am unsure if this has helped me be a better team player.",,Low Frequency,,,,,,True,3.0,Most of the time,,,,,,
385,50,Computer Science,Senior - Second Bachelor,14,"League of Legends,The Elder Scrolls V: Skyrim,Valorant / CSGO,Baldur's Gate 3,Age of Empires IV","Even though I've listed the games I've been playing most recently, the reality is that I tend to play solo. But on the other hand, I must admit that in these games, the importance of teamwork or combination of talents and skills (which can also be considered as the cooperation between multiple characters) is emphasized. I think these games let me understand that a person or a team needs to cooperate with each other to make up for the shortcomings and expand the strengths to give yourself a huge advantage.",,High Frequency,,,,,,True,4.0,Half of the time,,,,,,
386,90,Computer Science,Senior - Second Bachelor,9,"Apex Legends,Counter-Strike Global Offensive,Hunt Showdown,Flight Simulator,AC","Yes, I feel like it makes me a better team player. Especially with games such a CS(Counter Strike) you must play as a team or else you will lose. In the game people play different roles on different sites. I tend to try to fit whatever role is needed, meaning I adopt to my team's needs. I think this is a important skill because as a project progresses someone may hit a large roadblock and need someone to step in.¬†",,High Frequency,,,,,,True,4.0,Never,,,,,,
387,100,Computer Science,Senior,3,"League of Legends,Risk of Rain 2,Minecraft,Brawl Stars,Clash Royale",The gaming makes me a better team player through communicating and working as a team. It teaches important skills both in hand-eye coordination and managing a team to complete a shared objective.,,Low Frequency,,,,,,True,3.0,Most of the time,,,,,,
388,92,Computer Science,Senior,12,"Diablo 4,Monster Hunter World,League of Legends,Enter the Gungeon,Jedi Survivor","Yes, gaming makes you a better team player. For nothing less than experience working in a team. You will often come across people that change your perspective on how the game is played. Either by introducing strategies you never thought of, or simply having a different playstyle. This forces you to adapt to be able to incorporate their playstyle into your strategy, which is one of the most important aspects of teamwork in my opinion. Instead of forcing everyone to conform to a certain routine or mindset, it's much more valuable to allow everyone to play their strengths, while asking them to consider their teammate's strengths as well.",,Low Frequency,,,,,,True,2.0,Some of the time,,,,,,
389,97,Computer Science,Senior - Second Bachelor,14,"Magic the gathering arena,Apex Legends,League of legends,Witcher 3,Overwatch",Yes because it teaches me to pay attention to the big picture and watch and try to anticipate what my teammates are doing. I don't play much with voice communication but allot of the games have ping systems to ping objects that is extremely important to success by communication plans and following the team.,,High Frequency,,,,,,True,7.0,Half of the time,,,,,,
390,92,Computer Science,Senior - Second Bachelor,9,"GTA V,Red Dead Redemption 2,Attila: Total War,Rome 2: Total War,Star Wars: Empire at War","Gaming does make me a better team player, because I know that some people are better at certain things, so in order to effect a better outcome, it makes sense to allow people to work at what they are best at. This ""strategizing"" aspect comes from gaming, where the ultimate objective is to win or have the highest score. This furthers collaboration within a group.",,High Frequency,,,,,,True,4.0,Never,,,,,,
391,84,Computer Science,Senior,10,"counter strike global offensive,minecraft,lego starwars,smash bros,mario cart",depending on the game yes Minecraft no because I play alone on a private world but any of the other games yes because if communication is not there then we cant function well and will most lilky take and L¬†,,Low Frequency,,,,,,True,1.0,Some of the time,,,,,,
392,97,Computer Science,Junior,15,"Warthunder,CSGO,Rocket League,Battletech,Dwarf Fortress","Communication is something that is used a lot in team based games, things such as conveying information or negotiating a strategy.",,High Frequency,,,,,,True,5.0,Half of the time,,,,,,
393,86,Computer Science,Senior,10,"Call of Duty,Rocket League,Split Gate,minecraft,stardew valley","Yes, gaming has made me a better team player. It has accomplished this because in most games that require you to be a part of a team there is a common goal all of you are trying to reach. Whether that be eliminating the enemy team, or scoring more goals than the other team, you and your teammates are working together to reach that goal. In order to accomplish these goals it requires members of the team doing different things. For example when playing the domination game mode in Call of Duty each member needs to hold a point longer than the enemy team. This can only be accomplished through communicating with each other and delegating each point to a different team member.¬†",,Low Frequency,,,,,,True,2.0,Most of the time,,,,,,
394,92,Computer Science,Senior,17,"Rogue Legacy 2,Legend of Zelda: TOTK,Back 4 Blood,Aliens: Fireteam Elite,Factorio","The coop games I play help to some degree, you need to be vocal and communicate with your partners to be more successful in staying alive in game which can translate to communicating with a team to work toward a common objective.",,Low Frequency,,,,,,True,3.0,Some of the time,,,,,,
395,88,Computer Science,Senior,3,"Final Fantasy 14,Archeage,Legend of Zelda: Tears of the Kingdom,Super Smash Bros Ultimate,Fortnite","It absolutely does. I'm currently playing a game called Archeage, which is a Massively Multiplayer Online RPG. I'm in a guild of about 70 people and the game heavily emphasizes resource gathering and sharing. A big aspect of the game is giving materials to your teammates who can use them most, who in turn will share their skills with the guild. There are also coordinated assaults on the other faction of players and we join voice chat to be on the same page as far as where to go and who to attack. It's a lot of fun and develops teambuilding skills surprisingly well! You learn to work with others and build up each others' strengths while covering their weaknesses. It also gets you used to following leadership and questioning leadership choices when necessary without real life consequences.",,High Frequency,,,,,,True,7.0,Half of the time,,,,,,
396,89,Computer Science,Senior,13,"The Legend of Zelda: The Minish Cap,Baldur's Gate 3,Animal Crossing,Cities Skylines,PUBG","Gaming does make me a better team player because in team-based games, you have to communicate about where the enemy is, or what you are doing, what resources you are collecting, what you are crafting, what enemy you are attacking, etc.",,Low Frequency,,,,,,True,2.0,Some of the time,,,,,,
397,90,Computer Science,Junior,14,"FIFA 23,Conflict of Nations World War 3,Minecraft,Warzone 2.0,Sea of Thieves","Yes, because I get to work with other people which I have sometimes never met or spoken with before.¬†",,Low Frequency,,,,,,True,1.0,Always,,,,,,
398,48,Computer Science,Junior,12,"Forza Horizon 5,Forza Horizon 4,Counter-Strike: Global Offensive,Call of Duty,League of Legends","I don't think I'm a good team player because I always have my own ideas, but I'm trying to fit in with the team.",,Low Frequency,,,,,,True,3.0,Never,,,,,,
399,95,Computer Science,Sophomore,13,"Minesweeper,Mario Kart Wii,Mahjongg,Geometry Dash,Minecraft","I think it does. Because playing a game in a team is much more interactive and rewarding, I think that it makes me both prefer to work in a team and perform better in a team.",,High Frequency,,,,,,True,4.0,Half of the time,,,,,,
400,82,Computer Science,Junior,13,"Minecraft,Doom,Xonotic,Morrowind,SuperTuxKart","I typically play singleplayer games rather than multiplayer games, and that does not make me a better team player; indeed, it probably makes me a worse one. When I do play cooperative multiplayer games (most often Minecraft and Doom) I have to share resources with other players, listen to their ideas on strategy and give my own, and take roles in the team that complement the other players. This experience does apply to teamwork more generally, but I don't think I do it often enough to consider it a significant impact on my skills.",,High Frequency,,,,,,True,5.0,Never,,,,,,
401,70,Computer Science,Senior,6,"Super Smash Bros Ultimate,Zelda Tears of the Kingdom,Skyrim,Rocket League,Mario Kart","Yes, particularly in games like Rocket League and Super Smash Bros. These games can heavily revolve around working with one or more people to achieve a common goal. If you leave your teammate behind and try to achieve the goal yourself, you both fail.¬†",,High Frequency,,,,,,True,4.0,Some of the time,,,,,,
402,96,Computer Science,Senior,17,"Terraria,Final Fantasy XIV,Factorio,Elden Ring,The Legend of Zelda: Tears of the Kingdom","Somewhat, I suppose. Final Fantasy XIV requires me to work in groups of 4, 8, or 24 for dungeons, trials, and alliance raids respectively. Individuals in these parties are mostly autonomous in typical content. Communication with random players is typically minimal, even in extreme and savage level content. A strategy is set up in party finder and everybody simply does their job.

I typically go into hard content with a few friends and a few random players picked up through party finder. My group does callouts for various mechanics via a Discord call and we help out the random players in-game via text if they're struggling in a fight. This is where I've become a better team player. We share advice, figure out strategies, etc. I wouldn't say it has made a world of difference, but it has helped me be slightly better at communication.",,High Frequency,,,,,,True,7.0,Half of the time,,,,,,
403,91,Computer Science,Sophomore,13,"Zelda,GTA 5,COD,NBA 2K,Animal Crossing",Playing video games with a team makes me a better team player because it improves my communication and work skills. It requires active communication with my teammates to find ways to coordinate and provide critical in-game information and sharpens my teamwork skills for real-world situations. Adjusting to the different sports and personalities on the team gives me flexibility and teaches me to get along with others.,,High Frequency,,,,,,True,7.0,Most of the time,,,,,,
404,92,Computer Science,Junior,6,"Franbo,Night in the Woods,Undertale,Astroneers,Bridge Simulator",Yes it does because we can create a better plan with the increased brain power. We often have more strategy in a group.¬†,,Low Frequency,,,,,,True,1.0,Always,,,,,,
405,87,Computer Science,Senior,13,"Islanders,Minesweeper,Minecraft,,",The games I have been playing have been solo games. If they are making me a better team player it is indirectly. I'm not sure whether or not this is the case.,,High Frequency,,,,,,True,7.0,Never,,,,,,
406,83,Computer Science,Senior,10,"League of Legends,Diablo 4,Counter Strike Global Offensive,Rust,Pokemon Go","I would say it helps with my communication and understanding of other people's opinions. In a game like League of Legends, if you fail to communicate with your team you will more than likely not get the help you need resulting in a lost position. If you fail to understand people's points of view and way of thinking it will create tension and resentment for your teammates which will also make you lose the match.",,Low Frequency,,,,,,True,2.0,Most of the time,,,,,,
407,93,Computer Science,Senior,10,"baldurs gate 3,battlebit,six days in fallujah,payday 2,rainbow six siege","I believe I understand when playing games some times you either need to pick up the slack or try to be as useful as you can be when you are the one that is doing bad, but all around even in the worst case, I always try to be useful towards the end goal.",,High Frequency,,,,,,True,4.0,Most of the time,,,,,,
408,79,Computer Science,Senior,10,"Stardew,League of legends,Minecraft,Mario Kart,Phasmophobia","I believe so, in games you often have a common objective and have to learn to cooperate to achieve it.",,High Frequency,,,,,,True,7.0,Most of the time,,,,,,
409,94,Computer Science,Senior,10,"Need for Speed,Minecraft,F1,Pokemon,Mario Kart",I would say so. Back in high school I played a lot of team-based games and there was lots of moments that I felt I learned what I needed in order to communicate better with others.¬†,,Low Frequency,,,,,,True,3.0,Some of the time,,,,,,
410,88,Computer Science,Senior,10,"Team Fortress 2,Terraria,Minecraft,Factorio,Garry's Mod","¬†¬†¬† My gaming does make me a better team player because I tend to play coop games, and they really teach the value of cooperation, specialization, and communication.
¬†¬†¬† I usually play Terraria in multiplayer, and it is a game based heavily off of progression of a world state in addition to the individual through the collaborative defeat of (mostly) progressively harder and more powerful bosses, requiring not only coordination when fighting them on harder difficulties, but collaboration in acquiring the proper equipment for each player.
¬†¬†¬† Team fortress 2 is more towards the more standard team based shooter format, pretty much all of which make team coordination and communication tantamount to achieving victory, and it is no exception. Specialization is important in Team Fortress 2 because each class in the game has a role to play in the team, without one member a team can easily be countered by multiple strategies by their enemy.",,Low Frequency,,,,,,True,2.0,Most of the time,,,,,,
411,97,Computer Science,Senior,10,",League of Legends,,,",The game Is based around team play and working with a team. It is imperative that you work well with your team otherwise you will not succeed.¬†,,High Frequency,,,,,,True,6.0,Most of the time,,,,,,
412,98,Computer Science,Senior,10,"Diablo 4,GTA 5,Witcher 3,Skyrim,Fallout 4","From gaming, I've learned patience, coordination, communication and how to compromise. All of this skills directly translate to working together as a team. The many encounters with many different personalities I've had online have shown me that to work effectively as you a team, you have to be patient with your teammates. Flying off the handle as soon as you run into any conflict will get the team nowhere and end up delaying progress. So, you have to be patient and communicate with your teammates to reach a solution that works for all parties involved, or at least as many as it is possible to satisfy. Once you've reached a solution to your team's problem, be it fighting a raid boss or solving a puzzle that requires multiple players, it takes effective communication to coordinate and carry out the plan. This is even more true when the team is under a deadline, usually in a game that deadline is minutes. From the multitude of team based end-game content, which is usually very difficult, I believe that I've improved upon my communication skills greatly. This in turn has increased my ability to coordinate with a group and practice/work patiently with them until we are able to effectively reach our goal.",,High Frequency,,,,,,True,6.0,Some of the time,,,,,,
413,74,Computer Science,Senior,10,",valorant,,,",I suppose it probably increase communication skills and group coordination.,,Low Frequency,,,,,,True,2.0,Most of the time,,,,,,
414,78,Computer Science,Senior,10,"Civilization V,Stronghold HD,Tears of the Kingdom,CSGO,The Forest","Gaming often helps me be a better team player. Playing games with friends or people online requires you to communicate, and then to coordinate quickly off of our communication. This comes in many shapes or forms. In CSGO I must coordinate and communicate to win, because without either the chances of winning are much lower. In games like The Forest, when we are not just mindlessly clicking away, we are planning defenses and fortifications together. We also find a way to divy up the ‚Äúlabor‚Äù in the best way. Depending on our likes and dislikes we coordinate our respective job to fortify/repair the base before nightfall, or we miss the ‚Äúdeadline‚Äù, or sundown, and have to live with our poorly executed plan. I also think gaming can have a tendency to bring the worst out of people. They can become toxic and bitter towards their team members.¬†",,Low Frequency,,,,,,True,3.0,Half of the time,,,,,,
415,86,Computer Science,Senior,10,"League of Legends,Street Fighter 6,Valorant,APEX,Day by Daylight","Of course, no one want to lose a game. In order to win a game, communication is the key in many games, especially in shooting game, keeping communicating with my teammates is important.",,High Frequency,,,,,,True,7.0,Most of the time,,,,,,
416,83,Computer Science,Senior,10,"Miitopia,Pokemon Games,Game Creators,Wario Land Shake It!,Mario Kart Games",Not really. I don't really play multiplayer games that frequently. The only ones that come to mind are competition-based ones.,,High Frequency,,,,,,True,7.0,Never,,,,,,
417,70,Computer Science,Senior,0,"Anno 1800,Cyberpunk,Beat Saber,,",It depends on what type of games I am playing and how on my team. Team games are beneficial for me when I am playing consistently with the same team that communicate with each other to reach a shared goal.,,High Frequency,,,,,,True,4.0,Never,,,,,,
418,95,,,,,,,High Frequency,True,5.0,Most of the time,"Halo,Apex Legends,Sea of Thieves,Hell let Loose,COD","I believe so. Teaches you to rely on teammates, because there are some battles you cannot win by yourself. It is a team effort.",,,,,,,,,
419,95,,,,,,,High Frequency,True,4.0,Some of the time,"Stardew Valley,Stellaris,Factorio,Civ 5,Elite Dangerous",Describing problems and solutions to someone not in the same room as me has certainly made me a better communicator.¬†,,,,,,,,,
420,92,,,,,,,High Frequency,True,5.0,Most of the time,"Baldur's Gate 3,Final Fantasy XIV,Stardew Valley,Sid Meier's Civilization VI,Valheim",Yes. I think it does because you have to think about your team when deciding what you need to do as an individual. You have to work together to meet goals and be successful.,,,,,,,,,
421,90,,,,,,,High Frequency,True,4.0,Most of the time,"Halo MCC,Monster Hunter World,Supreme Commander,Borderlands,outlast trials","I would say yes, working together as a team to solve puzzles or plan strategies along with communication skills.",,,,,,,,,
422,91,,,,,,,Low Frequency,True,3.0,Half of the time,"Minecraft ,Super Smash Bros Ultimate,Fire Emblem: Three House,Fire Emblem: Engage,Sekiro: Shadows Die Twice","Yes it does! When I play my favorite game ""Super Smash bro"", I have friends who are super good at the game, so pretty much lost every match, but super fun. ¬†It more fun play with people are so much better then you because you can grow as a better player and grow your skills too. Plus always fun plays with other people than alone.¬†",,,,,,,,,
423,87,,,,,,,High Frequency,True,4.0,Some of the time,"Legend of Zelda Tears of the Kingdom,Stardew Valley,Graveyard Keeper,Cult of the Lamb,Mario Party","Sometimes, I can become very competitive in games like Mario Party very fast. In games like Dead by Daylight I am more strategic and a team player, thinking and doing a game more logically is my favorite way to. It really depends on the type of game that I am playing, with or without teamwork required.",,,,,,,,,
424,96,,,,,,,Low Frequency,True,1.0,Some of the time,"Elden ring,BNG,COD zombies,Halo reach,ready or not","I think it does. It makes me understand that with a strong lead, many times a team can work together with success. Although I am not a great leader, I enjoy following orders and doing the 'boring' tasks if it means our team has success.",,,,,,,,,
425,31,,,,,,,High Frequency,True,5.0,Most of the time,"Apex Legends,Rocket League,GTA 5,Elden Ring,Lethal Company","I think it definitely does, especially for games like rocket league and apex legends where team communication is key to winning against other teams. You need to let your teammates know your next move and communicate effectively to work as a unit.",,,,,,,,,
426,86,,,,,,,High Frequency,True,7.0,Most of the time,"Rocket League,Valorant,Fortnite,League of Legends,Aimlabs","I believe my gaming makes me a better team player. My main game is Valorant which requires a lot of team coordination and communication for you to succeed, because of this I believe that I am a good communicator and can work well in a team.",,,,,,,,,
427,100,,,,,,,Low Frequency,True,2.0,Never,"MTG Arena,Cyberpunk 2077,Starfield,Elite Dangerous,DnD","I usually don't play as part of a team, but I used to when I had more friends who played. Gaming helps with communication, shared goals, and general fellowship. Interpersonal skills and communication are essential to working with a team. I often find that it is the more likable, relatable, and amiable who make the best team members. Having a certain level of comfort and trust is beneficial to operate efficiently as a team and being an outsider or loner often is counterproductive.

In a different regard, competitive gaming offers a different social skill which is that of grace in winning and losing. Sometimes in teams, when heads collide and ideas are put forth, the better ideas win and if the proposer is attached to this idea, it can lead to hurt feelings or disdainful attitudes toward the team. It's helpful to win gracefully and lose gracefully which does not harm others through your volition.

I am not one who enjoys assigning blame, rather I am more concerned with assessing the failure and correcting the issues which contributed to that end, so that they are not repeated. Gaming helps with this as well, because in defeat it can be easy to point fingers and flame heated emotions, while these are counterproductive and only result in dividing the team.

In these ways, gaming makes me a better team player.",,,,,,,,,
428,92,,,,,,,Low Frequency,True,3.0,Always,"Battlebit Remastered,Battlefield 2042,Lethal Company,Call of Duty,Squad","I think being a gamer does make me a better team player, reason being is that I can easily take charge of teammates and rally them to complete objectives/missions in a game. Along with being the opposite as well, I am more than happy and comfortable with someone else taking charge and rallying the troops together for us all to complete objectives/missions in a game, because in the end all of us in the game are working towards a goal and being able to work well together will help us win the game.",,,,,,,,,
429,98,,,,,,,High Frequency,True,7.0,Never,"Teamfight Tactics,Dark and Darker,Mechabellum,FFXIV,Typeracer","I believe the main thing games have helped me with is patience and tenacity. You're really bad at most games at the beginning of the learning curve and it takes significant patience in order to learn and understand the game before you can start to ""get good."" This portion of gameplay can be fairly unentertaining if you're solely focused on that immediate dopamine hit, but if you wait for that long term satisfaction then games really open up to you. As for Tenacity, once you're past the learning curve and you start marching towards the skill ceiling, it takes significant tenacity as you get worse then better then worse again, to keep with it and keep trying to improve. All of these together make me more patient and understanding when working with people and I have more of a backbone to put in the work the team needs from me.",,,,,,,,,
430,41,,,,,,,Low Frequency,True,2.0,Most of the time,"monopoly,chess,tag,war,beerpong",Yes it does because it makes me build aspects of my character more such as my ability to be reliable and my strength both in my ability to resolve any task successfully and also my physical strength to accomplish any task that comes my way.,,,,,,,,,
431,94,,,,,,,High Frequency,True,5.0,Most of the time,"Valorant,Counter-Strike,Days Gone,Half-Life 2,League of Legends","I believe it does.¬† I mostly play Counter-Strike which is a 5 vs 5 team-based first person shooter game.¬† It has a lot of similarities to basketball which I used to play a lot of as well.¬† There's a balance in games like this between individual skill and teamwork which is very appealing to me.¬† The teamwork aspect of these games requires you to pay attention to your teammates: anticipating their needs, putting the right people in the right positions, coming up with a strategy, and agreeing on goals both short-term and long-term.¬† Through my experience playing team games for a long time I've learned that a little help can go a long way, so I always try to help teammates in any way I reasonably can.",,,,,,,,,
432,77,,,,,,,Low Frequency,True,2.0,Never,"Fifa,Madden,CSGO,GTA,Sim city",yes because we have to work together to get the outcome,,,,,,,,,
433,96,,,,,,,Low Frequency,True,2.0,Some of the time,"A large verity. I like hopping around.,Minecraft,,,",I think in part it does make me a better team player. It does show me how resourceful and effective it can be to be part of a team. It also has shown me the need for balance it is good to let your thoughts and opinions be known so that it is a true team vision but there are times when the team isn't going in the direction you think it should be and if you'll have a discussion about it and decided that this is the way we are going to go then you got to get behind that. I also have come to understand that it isn't about any individual even the leader it is about coming together hearing what everyone has to say and then having a focused and clear outcome that everyone is working towards.,,,,,,,,,
434,95,,,,,,,High Frequency,True,4.0,Half of the time,"The Finals,Path of exile,Baldur's Gate 3,Risk of Rain 2,Overwatch","Based off of communication, teamwork, and unique roles within video games. I have been able to translate that towards a better team environment",,,,,,,,,
435,50,,,,,,,High Frequency,True,5.0,Some of the time,"Call of Duty,League of Legends,Minecraft,Forza,Lies of P","Yes, it forces me to communicate with others in an effective and concise way in order to reach not only my goal, but the goal of the team.¬†",,,,,,,,,
436,82,,,,,,,Low Frequency,True,3.0,Some of the time,"Terraria,Starbound,Skyrim,Fallout 4,Super Smash Bros","Most of my gaming is single player, but the multipliers do make me a better team member by having a common goal to work towards and having to rely on my teammates.",,,,,,,,,
437,71,,,,,,,Low Frequency,True,2.0,Some of the time,"Lethal Company,League of Legends,Guild Wars 2,Fortnite,","I believe gaming does make me a better team player. When playing games with other people, you have to be able to determine everyone's strengths and weaknesses, this sometimes includes the enemy team. Sometimes, you even have to be able to fill roles you are not used to and learn how to effectively be in that role.",,,,,,,,,
438,88,,,,,,,High Frequency,True,5.0,Some of the time,"Civ 5,Rimworld,Factorio,Rocket League,Stardew Valley","Yes. Although I don't play shooters much these days anymore, I used to play them a lot and it became abundantly clear that every time I took off solo in a team match, my performance was consistently worse than coordinating with teammates. Also, blindly charging for the ball all of the time in Rocket League very consistently guarantees worse outcomes than if you hang back a bit and let your teammate(s) who are closer to the ball set up a better shot for you or another teammate.",,,,,,,,,
439,93,,,,,,,High Frequency,True,5.0,Some of the time,"Overwatch 2,Heroes of the Storm,AAA PC single player game,AAA PC single player game,Some kind of Nintendo game","Depends on the game. If it is a multiplayer, certainly. You are on voice comms with your teammates and you have to coordinate a strategy. There is always someone shotcalling, but not necessarily one person. If you see something, you say something. If it is a single player game, then no this dosen't apply.¬†",,,,,,,,,
440,97,,,,,,,High Frequency,True,4.0,Some of the time,"Smite ,Counter Strike 2,Valorant,,",When I choose to gaming improves my communication skills as I talk to teammates under a similar set of dialogue and vocabulary.,,,,,,,,,
441,92,,,,,,,Low Frequency,True,3.0,Some of the time,"A Plague Tale Requiem,Ghost of Tsushima,Dead by Deadlight,Mass Effect,Evil Dead - The Game","Games such as Ghost of Tsushima, A Plague Tale, and Mass Effect don't teach me much about being a better team player since I play them solo. On the other hand, games such as Dead by Deadlight and Evil Dead have taught me lessons about the importance of collaboration.¬†

I'll say that these two games share the same message: without teamwork, you will fail. I learned from these games that it doesn't matter how good you are at playing. If you don't collaborate with others, you will fail due to the overwhelming amount of work you'll have to do by yourself. Sharing tasks among team members is the key to success. You might also enjoy the game and not be stressed about it!¬†

So, what I'll try to do in this class is not to abandon my team and do my best to support them as much as possible.¬†",,,,,,,,,
442,90,,,,,,,Low Frequency,True,2.0,Some of the time,"Call of Duty,Smash Bros,Red Dead Redemption 2,Chess online,Ballon Tower Defense 6","Probably not, I am generally aware of my skill level on the team. If I know that I am a bad player then I generally let others lead and tend to be less helpful. On the other hand, if I feel like the other members are not pulling their weight than, I usually focus on my own plans for winning the game. In short, I think I focus too much on being competitive in games and it effects the quality of teammate that I become in those scenarios.¬†",,,,,,,,,
443,101,,,,,,,Low Frequency,True,3.0,Most of the time,"Destiny,Counter-Strike,Fortnite,,",Gaming does make me a better team player. The reason I say this is gaming as a team requires communication skills and understanding everyone's strengths and weaknesses. This improves my communication skills as it requires me to relay what I want my team to do efficiently.,,,,,,,,,
444,88,,,,,,,Low Frequency,False,1.0,Some of the time,"Madden,MLB,NBA 2k,Fifa,Fortnite",It improves strategizing.,,,,,,,,,
445,100,,,,,,,Low Frequency,True,2.0,Never,"Borderlands 2,Civilization 6,Skyrim,Satisfactory,Cyberpunk 2077",I don't think that playing games helps me be a team player because I mainly play single player AAA games or strategy games I don't really play multiplayer games.,,,,,,,,,
446,87,,,,,,,Low Frequency,True,3.0,Some of the time,"Baldur's Gate 3,God of War Ragnarok,Zomboid,Deep Rock Galactic,Rimworld",Team gaming helps me understand my role in a team. When working in a team also adds motivation for me to do my absolute best on projects or tasks.,,,,,,,,,
447,86,,,,,,,High Frequency,True,6.0,Most of the time,"Overwatch ,Counter Strike,Risk of Rain,Minecraft,Sid Meier Civilization","I like to think so. I mainly play competitive in Counter Strike, and in that game it is very important to give concise and clear information to your teammates. Another learned skill is to know when to let your teammates play their game versus constantly talking and telling them what to do.¬†

While playing online team based competitive games like Counter Strike and Overwatch, especially when microphones are commonplace it can be very easy to become frustrated with your team. Many times you will encounter toxic teammates that will trash talk you and there is no getting away from that. Being in that environment gives you thick skin, but also demonstrates to me how to be a better teammate. I know when someone talks to me like that I don't listen to them, even if what they say is valid. The rude way of communication immediately shuts down avenues to improve so I try to keep team spirit up, and giving nice but constructive criticism. I do my best to be kind to my teammates even when someone on our team is being mean, or if someone is noticeably lacking. Being mean in response is never the solution and only makes the team worse by removing the cohesion required to succeed as a team. When someone is performing poorly it's often never the case that they aren't aware of that so telling them they're playing bad doesn't do anything but upset them. Instead, try to help them by suggesting other things or playing to their strengths and supporting their weaknesses so that the whole team benefits.¬†",,,,,,,,,
448,86,,,,,,,High Frequency,True,6.0,Most of the time,"Overwatch ,Counter Strike,Risk of Rain,Minecraft,Sid Meier Civilization","I like to think so. I mainly play competitive in Counter Strike, and in that game it is very important to give concise and clear information to your teammates. Another learned skill is to know when to let your teammates play their game versus constantly talking and telling them what to do.¬†

While playing online team based competitive games like Counter Strike and Overwatch, especially when microphones are commonplace it can be very easy to become frustrated with your team. Many times you will encounter toxic teammates that will trash talk you and there is no getting away from that. Being in that environment gives you thick skin, but also demonstrates to me how to be a better teammate. I know when someone talks to me like that I don't listen to them, even if what they say is valid. The rude way of communication immediately shuts down avenues to improve so I try to keep team spirit up, and giving nice but constructive criticism. I do my best to be kind to my teammates even when someone on our team is being mean, or if someone is noticeably lacking. Being mean in response is never the solution and only makes the team worse by removing the cohesion required to succeed as a team. When someone is performing poorly it's often never the case that they aren't aware of that so telling them they're playing bad doesn't do anything but upset them. Instead, try to help them by suggesting other things or playing to their strengths and supporting their weaknesses so that the whole team benefits.¬†",,,,,,,,,
449,83,,,,,,,High Frequency,True,7.0,Always,"Valorant,Escape From Tarkov,Ready or Not,World of Warcraft,Starcraft 2","Absolutely! It gives me a chance to practice effective communication on a daily basis. It also gives me the opportunity to both fail and succeed in a team setting, allowing me to handle such situations better in other area of my life.",,,,,,,,,
450,95,,,,,,,High Frequency,True,5.0,Always,"Modern Warfare 2,Payday 3,Bloons Tower Defense 6,Starfield,Forza Horizon 5","I think games make me a better team player as most of the time in a game you are trying to solve lengthy complex problems as a team. So there is a strategy development within the team, as well as scheduling so everyone gets on the game at the same time. To add when trying to do something in a game if someone does something wrong its less about who did it and more how do we fix it and move on from the mistake.",,,,,,,,,
451,78,,,,,,,High Frequency,True,7.0,Some of the time,"Animal Crossing nh ,Diablo 4,Mario Party Superstars,Octopath Traveler,Hogwarts Legacy",Yes. It requires communication and planning ahead so we don‚Äôt waste resources or work on the same tasks. It helps team members find their strengths and weaknesses so they can improve for next time. It also provides additional motivation because you have other people depending on you to complete your task. I play games with my daughter and it can be a great bonding experience as long as she doesn‚Äôt lose too bad.,,,,,,,,,
452,71,,,,,,,High Frequency,True,4.0,Most of the time,"Factorio,CS2,Risk Of Rain 2,Division 2,Battlebit Remastered",It can make me and others play better. Most of the time your team contribution revolves around your contribution to making an individual impact on the play with the team. This can be done through assisting with utility or helping make the play with your character. There is also a large emphasis on making those plays together in smaller groups as the objective is often too big and needs to have the entire team's resources in one place.,,,,,,,,,
453,82,,,,,,,Low Frequency,True,2.0,Some of the time,"Minecraft,Call of Duty,Grand Theft Auto,Forza Horizon,Overwatch",I think so. One of the first things you learn when gaming in a team is how different people have different skill sets. You take this into account when deciding roles that will maximize their potential. It also allows you the moment to reflect on what your skills are and how you can improve.,,,,,,,,,
454,94,,,,,,,High Frequency,True,7.0,Most of the time,"Escape from Tarkov,Team Fortress 2,Dota 2,Factorio,Minecraft","I think so! Learning your teammates strengths and weaknesses can help you decide what you need to cover in the moment and in the long term. Learning to trust your teammates is crucial to getting more done, which is something I have been working on. Efficient communication also plays an important role in many of my online games: in Escape from Tarkov, poor communication can lead to identifying your squadmates as enemies and shooting them; in Dota 2, poor communication can lead to a jumbled team composition, surprise ganks, and duplicate itemization. Communication is important to making sure everything runs smoothly, and ensuring everyone is supported in playing an important part. These are all things I have gotten good at as part of improving my skills.",,,,,,,,,
455,74,,,,,,,Low Frequency,True,3.0,Some of the time,"Hades,Zelda,COD,Mario kart ,Overwatch",Not really. ¬† Unless you‚Äôre with friends the chances of finding good people that can team up is less than 50%,,,,,,,,,
456,97,,,,,,,High Frequency,True,4.0,Some of the time,"DND,Super Smash Bros,Civilizations,Overwatch,Yugioh",I feel gaming does make me a better team player because it forces me to not only think about my decisions but also the decisions of those around me. I won't act in self-interest rather I'll act in ways that benefit my team.,,,,,,,,,
457,71,,,,,,,High Frequency,True,5.0,Most of the time,"Overwatch,Rocket League,Elden Ring,Call of Duty,Hell Let Loose","I believe there are some games that actually do help you be a better team player. For me those games are Rocket League and Hell Let Loose because a lack of teamwork in those games almost always means a total blowout loss. These two games my teammates and I have to communicate and coordinate so that our play compliments one another, and gives us the best chance to counter what the other team is doing. If you try and run a one man show it rarely works, and doing it all the time will surely lead to negative results. This can translate to being a team player beyond the gaming world because it teaches you to adopt a non-selfish mindset while also potentially helping to build communication skills.",,,,,,,,,
458,87,,,,,,,Low Frequency,True,3.0,Some of the time,"Alan Wake,Final Fantasy 7,Cyberpunk 2077,""It's not that cold I don't need a jacket"",""How late can I leave the house and still make it to work on time""","I believe so. I'm the type of person that tries to be efficient on multiple roles so I can take the place of what area the team may be lacking when needed. I also like to act as a mentor when requested, and although competitive, prefer to see the success of the team rather than personal recognition, and prioritize enjoying the journey over winning. I never really thought of it this way, but I take the same approach when working with a team as I do in gaming.",,,,,,,,,
459,92,,,,,,,Low Frequency,True,3.0,Half of the time,"Rocket League,Recently Fortnite,Minecraft,The Binding of Isaac: Rebirth,World of Warcraft","I feel that it can help with communication during high energy and stressful situations. I already have decent communication and team-based skills, but I feel that if they were applied to gaming with others more it could hone the skills.

¬†

I have a couple books you might be interested in, I love the genre. My dad and I read it all the time.",,,,,,,,,
460,90,,,,,,,Low Frequency,True,2.0,Never,"Call of Duty,FIFA,Hell Blade,The Last of Us,God of War",Gaming doesn't make me a good team player,,,,,,,,,
461,92,,,,,,,Low Frequency,True,3.0,Some of the time,"Mafia 3,Hell let loose ,Battlefront 2,overcooked 2 ,Fifa23","It shows that communication really is key in Hell, let loose, you have to talk if you dont then you arent going to win at all and lose. This translate to this class communication will be key to a team's success.",,,,,,,,,
462,80,,,,,,,High Frequency,True,4.0,Half of the time,"Super Smash Bros Ultimate,Legend of Zelda TOTK,Sonic Adventure 2 battle,Legend of Zelda Windwaker,FIFA",The most recent example I could think of was playing Halo 4 with my roommate as I am not good at first-person shooter games and lack the intuition since I did not play them much growing up. I realized that my strength was not pressing the enemy but acting as a support so we could maximize our efficiency. This allowed us to clear the levels with a relatively higher ease as he could go forward a little more hastily as I could cover and I could operate freely since he had the most of the attention.,,,,,,,,,
463,98,,,,,,,High Frequency,True,7.0,Some of the time,"Dark Souls + Elden Ring,Kenshi,Minecraft,Kerbal Space Program,World of Warcraft","Yes, I believe gaming as a hobby has made me a better team player. While it may be a common answer to say that the collaborative or competitive nature of many games sharpens the social skills used in real life teams, and while I believe that to be true, I believe the most prominent effect video games have on collaborative skills comes from what games ultimately are. Broadly speaking, every video game presents the player with challenges and invites the player to use provided tools to solve those problems. This relationship between the player and the game continuously teaches the player how to react when encountering a new problem, and that improves real-life problem solving in every category, including collaborative work. This effect is most profound when the game is directly encouraging the player to work well with other real people through the gameplay loop, however the relationship between the game itself and the player promotes curiosity and increased understanding of one's environment, including social environments. Playing video games has enriched my life in many ways, and working better in teams is one such helpful way.",,,,,,,,,
464,98,,,,,,,High Frequency,True,7.0,Half of the time,"halo,cult of the lamb,stardew valley,paladins,skyrim","I think it can because there are times when you have to learn to work with other people to make sure you achieve a goal, and if you just go off on your own then it can end up screwing up everyone else. I also think that through games you can learn to get through difficult tasks but also have fun while doing it, so in that sense, I think it can make teamwork easier. But I also think some people can force their teammates to play around them so I think it depends on who you play with.",,,,,,,,,
465,95,,,,,,,High Frequency,True,4.0,Some of the time,"Minecraft,Factorio,Planet Coaster,Cities Skylines,Overcooked! 2",The gaming I do keeps me thinking critically and on my feet. It also allows me to think creatively to think through solutions. I always try to find a different angle to think through a problem.¬†,,,,,,,,,
466,68,,,,,,,Low Frequency,True,3.0,Most of the time,"counter strike,rocket league,brawlhalla,apex legends,tower unite","Yes definitely. Especially in games such as counter strike, where some of the time teammates will be very individualistic. It teaches lessons that can be brought across to real life. Also games like these help you to understand other people and how to work with others. Because you are all working to a shared goal. Everyone has their own jobs to do all coming together to hopefully win.",,,,,,,,,
467,100,,,,,,,High Frequency,True,4.0,Half of the time,"Baldur's Gate 3,Pathologic,Deep Rock Galactic,Stardew Valley,Cyberpunk 2077","The multiplayer games I play rely on communication and team-based planning/strategy, so I believe they have improved my skills in those areas. For example, in Baldur's Gate 3, each player is an individual actor, but must strategize and coordinate with teammates in fights, otherwise they may end up blocking another teammate during their turn, or worse, hurting their teammates directly.",,,,,,,,,
468,81,,,,,,,High Frequency,True,7.0,Most of the time,"League of Legends,World of Warcraft,The Binding of Isaac,Hearthstone,Path of Exile","I would assume so, I have no idea how I would compare it as if I haven't been a gamer. I have played video games since I was around 5 years old.¬† I have ran guilds and raids that have competed for top 100 in the US in WoW as well as have been top .05% in PvP in 3v3 arenas in WoW.¬† I've been Master tier in League of Legends which also takes quite a bit of team work. I think this could be beneficial to a team however, I can be very selfish in my play and can have a ""my way or the highway"" attitude sometimes.¬† I don't like taking directions from people who have no idea what they are talking about and it bothers me when people act like they know what they are talking about when they don't.¬† I have a hard time letting them get away with it and many times end up calling them out for it or correcting them.¬† That might not be the best attitude to have in a team environment sometimes.¬†",,,,,,,,,
469,77,,,,,,,Low Frequency,True,3.0,Half of the time,"Fortnite,Mario Kart,Undertale,Dark Souls,Red dead redemption",I think it does because it allows you to communicate with your team to accomplish a common goal.,,,,,,,,,
470,78,,,,,,,Low Frequency,True,3.0,Half of the time,"call of duty,Counter-Strike 2,League of Legends,Forza Horizon 5,Forza Horizon 4","I think so, because in the game we need to communicate for better cooperation.",,,,,,,,,
471,101,,,,,,,High Frequency,True,6.0,Most of the time,"Rainbow Six Siege,Call Of Duty,Madden,NHL,The Finals","Absolutely! I am on the CSU Esports team, and have learned how gaming has made me more effective when working with others. Understanding peoples pro's/con's, learning that not everyone has the same strengths/weaknesses, etc. Overall, gaming has not only made me a better team player, but a better individual player as well.¬†",,,,,,,,,
472,28,,,,,,,High Frequency,True,6.0,Always,"Lethal Company ,Valorant,Apex,League of Legends,Minecraft","Gaming does make you a better team player. Most of the games I play are team-based, meaning you have to communicate with more than one person. Valorant is the game I play the most and that a 5v5 most of the time I queue with one more person leaving it with 3 random teammates meaning communication is important to win the game. Communication is important to win the round this makes you a better team player as in you let the rest know what is going on when they are not in the same area.",,,,,,,,,
473,101,,,,,,,Low Frequency,True,2.0,Half of the time,"Apex Legends,Mario,Counter Strike,Pokemon,Valorant","In some ways, it helps me to find effective ways to communicate to accomplish a common goal even when I might not know people very well or like them very much.",,,,,,,,,
474,74,,,,,,,High Frequency,True,5.0,Most of the time,"2K,Rocket League,Apex,Fortnite,Chess","Yes, working with your other players always proves to have the best outcome versus working alone and not leaning the team who wants to win just as much as you. When we all have something to contribute our attributes keep us well rounded and build strength in our players weaknesses.",,,,,,,,,
475,95,,,,,,,High Frequency,True,5.0,Some of the time,"Animal Crossing,Mario,Final Fantasy XIV,Zelda,Overcooked","I think so- it gives me an opportunity to work with others and learn how to mesh together. For example, in Final Fantasy (a large MMO) I am given the opportunity to work with friends or with strangers to defeat a boss or dungeon. This gives me a chance to lean into my abilities and also lean on others with differing abilities. (For example, I play a DPS which means I fight a lot and also do some of the more puzzley things, but need a healer on my team so I can continue fighting and doing puzzely things without dying.¬†",,,,,,,,,
476,86,,,,,,,High Frequency,True,5.0,Some of the time,"Baldur's Gate 3,Counter Strike 2,The Last of Us,Project Zomboid,Call of Duty","I believe that it helps you learn how to work together with other towards a common goal, and can also increase your effective communication with you teammates.",,,,,,,,,
477,62,,,,,,,High Frequency,True,7.0,Most of the time,"Escape from Tarkov,Valorant,Minecraft,Satisfactory,Shapez","I believe it does, especially because I am a part of the CSU Esports team, if we all don't work as a team then none of us succeed, so we all have to be proficient as a team.",,,,,,,,,
478,86,,,,,,,High Frequency,True,6.0,Some of the time,"Valorant,CS2,Terraria,Overwatch,Apex legends","Gaming makes me a better team player by teaching me how to get along and work with my teammates, especially if they are strangers.",,,,,,,,,
479,92,,,,,,,Low Frequency,True,0.0,Half of the time,"Runescape,Chess,League of Legends,Risk of Rain 2,?","Games that I've played in friend groups have definitely taught me to be a better team player. Often times in games when you're on the same team you all have the same goal but have different ideas of how to best reach the goal. This has taught me to be better about compromising, communicating, and being open to other ideas.",,,,,,,,,
480,77,,,,,,,Low Frequency,True,3.0,Some of the time,"rocket league ,Madden,Fifa ,NBA2k ,GTA","Yes, I do believe gaming makes me a somewhat better team player . it allows me to become better communicator and help me better my problem solving skills",,,,,,,,,
481,83,,,,,,,Low Frequency,True,3.0,Most of the time,"Fortnite,Rocket League,COD Black Ops Zombies,3D Super Mario Bros,Animal Crossing","I think gaming makes me a better team player because it is significantly easier to progress when working with others. I also prefer working together because it's more interesting than working alone, as you can see other people's perspectives.",,,,,,,,,
482,96,,,,,,,High Frequency,True,5.0,Most of the time,"Call Of Duty: MW3,NBA 2k24,FIFA (EA FC),,","Gaming absolutely makes me a better team player. In NBA 2k24 I play myCareer where you create your own player and join other players to form teams and compete online. None of my friends play this game, but nevertheless it is quite common to get on the microphone and strategize with random teammates. You also are forced to play your assigned position and make personal sacrifices to help the team win. In COD MW3 I am always playing with friends and our communication during intense multiplayer could pass as legitimate war communications, essential to winning games. Teamwork in gaming teaches you to assume a best fit role and perform it to the best of your abilities to help the team win.",,,,,,,,,
483,15,,,,,,,Low Frequency,True,3.0,Some of the time,"Cuphead,Sekiro ,Hollow Knight,MW3,Apex","I rarely play games involving teams but when I do I think it helps a lot with being a team player. It‚Äôs important to assign roles or at least acknowledge strengths/weaknesses of each member. Everyone is working towards the same goal, making it easier to work together. I don‚Äôt think this will translate to CS because of one key factor: everyone in a team on a game are friends. It‚Äôs easier to work with friends in a game played for fun vs a group project with strangers done for a grade.",,,,,,,,,
484,81,,,,,,,Low Frequency,True,3.0,Most of the time,"Grand theft auto,Call of Duty,sons of the forest,fortnite,Ncaa football 14",Yes I believe that my gaming can make me a better team player because I it makes me more used to working together with a team to achieve a specific goal. Each player has a specific task to help us win the game and that is exactly how it would be to complete a team asignment,,,,,,,,,
485,85,,,,,,,High Frequency,True,7.0,Most of the time,"Hollow Knight,League of Legends,Final Fantasy 14,Sly Cooper 2,Lethal Company",Yes. I mainly play collaborative games which require effective communication in order to achieve goals. Being able to work with people of all personality types and backgrounds is essential to succeed.,,,,,,,,,
486,92,,,,,,,Low Frequency,True,3.0,Always,"Rocket League,CS2,Payday 2,Rust,Phasmophobia",I'm heavily introverted but gaming has helped me understand the importance of teamwork,,,,,,,,,
487,96,,,,,,,High Frequency,True,4.0,Some of the time,"Elden Ring,Fortnite,Minecraft,Resident evil 4,Dead By Daylight","It does, finding ways to accurately and concisely communicate with others is a requirement for performing well in many games. Being able to accurately convey what you think everyone should do and also listen to what the whole group is trending towards.¬†",,,,,,,,,
488,87,,,,,,,Low Frequency,True,3.0,Some of the time,"The Sims 4,Stardew Valley,Papers Please,Don't Starve Together,Potioncraft",I guess so since it helps me better communicate myself with other people. I've gotten much better at giving directions and listening to others since I've started playing games with others.,,,,,,,,,
489,74,,,,,,,Low Frequency,True,0.0,Some of the time,"Assassin's Creed Unity,Ghost Recon Wildlands,Red Dead Redemption 2,Hitman 2,Assassin's Creed 3","Gaming makes us a better team player because we learn to utilize each person's strengths and weaknesses in the right ways. For example, we make the clumsy player a stealth build, and we won't send the cautious person into combat. Each to his own strengths.

¬†",,,,,,,,,
490,81,,,,,,,Low Frequency,True,2.0,Always,",League of Legends,,,","Different players have different roles, finding your role in a specific situation leads to the best outcome for the whole crew. Roles are not static, if in some point I find myself moving from the most knowledgeable to the least due to changing topics or circumstances, a good role player recognizes that and abdicates the leadership position.¬†",,,,,,,,,
491,89,,,,,,,High Frequency,True,7.0,Some of the time,"Chivalry 2,Hunt: Showdown,Overwatch 2,SIGNALIS,ULTRAKILL","Maybe in a real time communication sense, but beyond an ability to identify and communicate threats I don't think it translates well to long term project development.",,,,,,,,,
492,98,,,,,,,High Frequency,True,4.0,Most of the time,"Rainbow six siege,League of legends ,Age of empires II,Lethal company,Solitaire","Yes, it teaches quick and efficient communication. Additionally it teaches time management, and how to work well under pressure¬†",,,,,,,,,
493,97,,,,,,,Low Frequency,True,3.0,Half of the time,"FC 24,Super Smash Bros Ultimate,Overwatch,Mario Kart Deluxe,Fortnite","I would say that my gaming makes me a better team player in a few ways. When playing Overwatch and Fortnite, it is vital that I am communicating with my teammates efficiently, making sure I am thinking of the needs of my teammates, and remembering that I have other people to rely on to help me as well. All of these attributes I believe help me a better team player for all team situations in life.¬†",,,,,,,,,
494,96,,,,,,,High Frequency,True,4.0,Some of the time,"Satisfactory,Rust,Madden,Skyrim,Geometry Dash","I would say that it does. The game I play mostly is playable on your own, but goes much smoother when playing with someone else or a group. It essentially encourages working as a team. Being able to communicate and operate as a team is very beneficial and I think the skills developed doing this certainly translate to other situations.",,,,,,,,,
495,80,,,,,,,High Frequency,True,4.0,Half of the time,"Factorio,Minecraft,Super Smash Bros Ultimate,Deep Rock Galactic,Fortnite","I'm sure that team games make you a better team player, mostly from a coordination and communication perspective. However, many team games are very fast paced, which may not translate as well to work/school.¬†",,,,,,,,,
496,94,,,,,,,High Frequency,True,7.0,Most of the time,"Escape from Tarkov,League of Legends,Rocket League ,,",I think that it does! I see myself as a leader when it comes to team games and I think that this quality has transferred over to a lot of my team assignments or roles in my everyday life!¬†,,,,,,,,,
497,94,,,,,,,High Frequency,True,4.0,Most of the time,"Fortnite,The Finals,Far Cry 4,Super Smash Bros.,Mario Kart",I think gaming makes me a better team player through trying to understand the strengths and weaknesses of my teammates in order to win the game.,,,,,,,,,
498,89,,,,,,,High Frequency,True,5.0,Half of the time,"For Honor,Mortal Kombat 1,Baldur's Gate 3,Halo Wars 2,Rocket League",I feel like it does. In most games I have to depend on others to help me win I prefer them to have mics so that we can strategize and make efficient changes to how we are playing on the fly. Mostly everyone is receptive to new strats and ideas and with some teams I have found I still game with them today due to how well we can play when we are together.,,,,,,,,,
499,84,,,,,,,Low Frequency,True,3.0,Some of the time,"Zelda TOTK,Halo Infinite,Spider Heck,Mindustry,Unrailed!","There is a level of success needed when operating as a team. In particular, I have found the most useful application of my focus to be working as hard as I can at my own tasks while maintaining awareness of how my teammates are working. Two people frequently finish a task faster than one person can, leaving both team members to work efficiently elsewhere... Or in other words, I'm pretty good at watching for my teammates when they get in over their head in Halo. I prefer switching between frontrunning and sniping (support).¬†",,,,,,,,,
500,85,,,,,,,Low Frequency,True,3.0,Most of the time,"Risk of Rain 2,The Finals,Lethal Company,Dirt Rally,Overwatch",Yes I think gaming does make me a better team player. It teaches me good coordination skills and communication.,,,,,,,,,
501,100,,,,,,,Low Frequency,True,1.0,Some of the time,"Elden Ring,Pokemon ,Balders Gate 3,Zelda,Elder Scrolls online","In team-based games where there are options for different roles that can be played, I usually pick a support role and a healer if able. I have to pay attention to my teammates and respond to their needs while also trying to keep myself alive. I think this makes me good at helping others with what they need while being able to maintain my own needs. I think that my drive to play a supporting character is more a direct reflection of who I am and how I like to help others in the world. I think this makes me a good team player and adaptable to many different types of teams.¬†",,,,,,,,,
502,76,,,,,,,Low Frequency,True,3.0,Never,"2k ,Madden ,Apex,GTA,Fallout","Give ¬†you an understanding of everyone Everyone‚Äôs strengths and weaknesses, so you each can devise A plan to implement the best strategy to meet the end goal¬†

¬†",,,,,,,,,
503,87,,,,,,,Low Frequency,True,3.0,Half of the time,"Lethal Company,Fallout 4,Overwatch 2,Plants vs Zombies,GTA 4","Yes it does. Especially in Lethal Company, you have to work as a team to accomplish the profit quota by collecting scrap from abandoned places while avoiding hazards, monsters and traps. Furthermore, you have to effectively communicate with your team members through walkie talkies to alert or help each other.",,,,,,,,,
504,94,,,,,,,High Frequency,True,7.0,Half of the time,"osu!,CS2,league,minecraft,terraria","Yeah, It makes me be able to effectively communicate and rotate who should lead based on what are the needs and objectives of the team.",,,,,,,,,
505,82,,,,,,,High Frequency,True,5.0,Some of the time,"Age of Empires 2,Borderlands 2,,,","Probably at first, but I've been playing age of empires forever so I'm not sure.",,,,,,,,,
506,89,,,,,,,High Frequency,True,5.0,Most of the time,"Halo Infinite,Call of Duty,Diablo IV,Animal Crossing,Mario Kart","Yes, it does. Gaming makes me a better team player because when the games get more difficult to win, you need to work flawlessly as a team to get the win. It makes you more patient even if your teammates are not the best, you still to get them to work as part of the team and encourage them not to give up.¬†",,,,,,,,,
507,71,,,,,,,High Frequency,True,5.0,Most of the time,"Halo Infinite,Call of Duty,Diablo,Runescape,Mario games",Yes since it helps you coordinate and execute plans with others in order to achieve a goal [winning the game].¬†,,,,,,,,,
508,97,,,,,,,Low Frequency,True,3.0,Half of the time,"Smite,Dark Souls,Counter-Strike,Final Fantasy,Street Fighter",I think the team games I play do. They've helped me practice coordination and communication in a team as well as to build trust with the others on the team.,,,,,,,,,
509,91,,,,,,,High Frequency,True,6.0,Some of the time,"Team Fortress 2,Hearthstone,Hollow Knight,ULTRAKILL,Factorio","Yes. I have experience playing on competitive teams for games, and being able to bounce ideas, plans, or strategies off the team is crucial to playing at an optimal level. Even in a more casual setting, its important to be able to rely on your teammates without communication, because if everyone fills there role you will get the job done.",,,,,,,,,
510,100,,,,,,,High Frequency,True,5.0,Some of the time,"Minecraft,Slime Rancher 2,Halo Reach,Stardew Valley,Hollow Knight","I don't play team games very often, but I believe even the non team based ones make me a better team player. This is because the non team based ones tend to have quest lines that call for cooperation with an npc, so even if I'm not playing in a team with real people my goal is still team oriented. This means I have to be conscious of the other player/npc in the game to succeed. For example if I abandon an npc to complete a quest more quickly and the npc dies I have to start over so I have to instead monitor them and make sure we both make it to our goal.¬†",,,,,,,,,
511,34,,,,,,,Low Frequency,True,1.0,Some of the time,"EXAPUNKS,Darkest Dungeon,Ostranauts,War of Rights,Total War: Warhammer 2","War of Rights is a civil war simulator where you are a civil war soldier. Players take different roles from private up to general. Teamwork is integral to the game, as the game supports up to 300 players on a server. Leadership is extremely important in coordinating attacks and defense in order to capture flags. Artillery officers must coordinate with infantry to ensure accurate fire. The team with more disciplined players and the best leadership have the advantage in the game. The game has made me a better team player by learning how to organize and coordinate together.",,,,,,,,,
512,92,,,,,,,Low Frequency,True,2.0,Most of the time,"Csgo,Fortnite ,Apex legends ,,","Yeah I think it might. It helps me work on communicating with teammates, especially in somewhat stressful/high-stakes situations.",,,,,,,,,
513,96,,,,,,,Low Frequency,True,1.0,Some of the time,"Hylics 2,ARK: Survival Evolved,Terraria,Rainbow Six Siege,Marvel's Spider-Man","(Wanted to include as a note I gamed 24/7 6th-12th grade. However, I now play maybe once a week for 3-4 hours)

Gaming can make you a better team player through understanding that everyone has unique strengths and weaknesses; making role assignments much simpler and efficient.

However, I believe games effect everyone differently. Lets say a particular game helps me understand the importance of coordinating with a team to win; another individual playing the same game might see teams as a burden, hinder, or even an annoyance to their capability of winning.",,,,,,,,,
514,95,,,,,,,Low Frequency,True,3.0,Some of the time,"Madden 24,Beam NG drive,Asseto Corsa Competitizione,Lethal Company,Kerbal Space Program",Yes I think so. I think it mostly helps with communication skills to achieve a goal.,,,,,,,,,
515,83,,,,,,,High Frequency,True,4.0,Half of the time,"Valorant,Geometry Dash,Fortnite,Rocket League,Call of Duty","Yes 100%, Any of those games on there that I put involve me playing the game with other people on a team or at least in communication with other people(thats why I put geometry dash). These games help strengthen my mind and my Will when it comes to these things. When I play these games by myself and I die I want to quit relatively quick because I think I suck or something but friends helps me get motivated to stay and that I actually can improve at this things. I put Geometry Dash at #1 because I play this game often and at first I used to actually think this game was impossible but due to friends motivating me and us motivating each other and talking about tactics and skills we picked up, I have managed to actually get really good at the game, this game is a huge mental game so getting over these challenges was huge for me. Overall all of these games have taught me something about how to share ideas, how to colaborate over these ideas and how to strengthen your mindset.",,,,,,,,,
516,73,,,,,,,High Frequency,True,5.0,Some of the time,"Cyberpunk 2077,Baldur's Gate 3,Total War Warhammer 3,Tom Clancy's Rainbow Six Siege,Counter Strike 2","I believe so yes, when playing in a team, especially since I like playing Competitive shooters, I need to be able to communicate with my team about specific points and locations for us to get the upper hand or win. Granted with the people I've played with the most we have learned to communicate extremely well with one another, sometimes not making coherent sentences but still getting the point across.",,,,,,,,,
517,88,,,,,,,High Frequency,True,4.0,Always,"Rainbow Six Siege,Escape From Tarkov,The Finals,Outer Wilds,Lethal Company","I believe playing games with others can make you a better team player. Although the games I play are simply just video games, working with others online and learning how to communicate clearly in order to accomplish tasks in whatever game I am playing can translate to how I may communicate with others in real life in a team setting.",,,,,,,,,
518,85,,,,,,,High Frequency,True,5.0,Most of the time,"EA FC 24,Lethal Company,Counter Strike 2,Elden Ring,No Mans Sky","Yes, gaming makes you a better team player. Playing games in a team requires you to communicate with your friends or strangers to work together to accomplish a shared goal. The more often you play team-focused games, the more you improve this skill.",,,,,,,,,
519,98,,,,,,,Low Frequency,True,3.0,Some of the time,"Starfield,Fortnite,Fallout 4,Call of Duty,Dark Souls",I think Fortnite made me a better team player because I was more focused on proper communication with the team.¬† This way my squad and I would never get separated and would be able to put our heads together to come up with a game plan.,,,,,,,,,
520,72,,,,,,,High Frequency,True,4.0,Most of the time,"Warframe,Fortnite,Rainbow Six,Grand Theft Auto,The Finals","I think gaming makes me a better team player because I need to carry out concise and clear information to my teammates to win. Learning to collaborate and work off each others effort, I feel, would translate into other situations.",,,,,,,,,
521,68,,,,,,,High Frequency,True,4.0,Some of the time,"Hunt Showdown,Europa Universalis 4,Age of Empires 4,Crusader Kings 2,Stellaris",It depends on the game. Some games are strictly competitive but they require to understand what your opponent will do which could be helpful to set a mindset of thinking what others will do.¬†,,,,,,,,,
522,95,,,,,,,High Frequency,True,5.0,Most of the time,"Counter Strike,Escape from Tarkov,Rainbow Six Siege,The Finals,Grand Theft Auto","Yes, I think that my gaming make me a better team player. Gaming has taught me to value team communication and morale. I have learned that when everyone on a team is comfortable with their role and confident in their abilities, the team as a whole does better.",,,,,,,,,
523,88,,,,,,,Low Frequency,True,3.0,Some of the time,"Terraria,Minecraft,Factorio,Rain World,Risk of Rain","When I play with a team, it's usually more fun.¬† That encourages me to work in a team more.",,,,,,,,,
524,81,,,,,,,Low Frequency,True,1.0,Most of the time,"Call of Duty,Rome total war 2,League of Legends,Poker,Pokemon","Yes, I have played many games since i was young and communication has always been key.",,,,,,,,,
525,85,,,,,,,High Frequency,True,5.0,Never,"Elden Ring ,Mount and Blade: Warband,Terraria,Total War: Medieval 2,Chivalry 2","It does, but I rarely play with others, so not much.¬† I can see how it would if I played more cooperative games.¬†",,,,,,,,,
526,81,,,,,,,Low Frequency,True,2.0,Half of the time,"Fortnite,Call of Duty Warzone,Minecraft,Trackmania,Boom Blocks (Wii)","I would say it does make me a better team player. I know that if I can effectively and successfully communicate with my teammates, that we are much more likely to win. When playing Warzone for instance, we can share resources and give call outs to where people are on the map. If you are eliminated your teammates can buy you back if they get enough money, but they have to work together to eliminate bigger squads to do so.

¬†",,,,,,,,,
527,93,,,,,,,Low Frequency,True,2.0,Some of the time,"Mortal Kombat,Baulder's Gate 3,Animal Crossing,The Sims,Minecraft","It does, it helps me work alongside others for a common goal. It helps me improve my teamwork skills because we all have to work together to achieve something.¬†",,,,,,,,,
528,99,,,,,,,Low Frequency,True,3.0,Most of the time,"Elden Ring,Fortnite,Sekiro,Disco Elysium,Black Ops 3","I think it does if you are playing with the right people. I think it can really help with communication skills, given that you are playing with people that want to communicate well. I think it helps you become a better team player by increasing communication skills and also just social skills, something that maybe isn't always the best among computer scientists (myself included).",,,,,,,,,
529,73,,,,,,,Low Frequency,True,1.0,Some of the time,"Mario Odyssey,Zelda,Animal crossing,Overcooked,Mario Kart","Since I don't game very often I wouldn't say it impacts my ability to be a team player all that much, but when I do play in teams with others I think that it helps improve communication and understanding when I'm in a ""stressful"" or fast paced situation.",,,,,,,,,
530,90,,,,,,,High Frequency,True,4.0,Some of the time,"Minecraft,Detroit Becomes Human,Elden ring,Lies of P,Don't starve together","Yes, depending on the game. I have played a lot of resource-gathering games, where your group either survives or dies altogether. That means that the strongest player still needs to support the weakest player. It can be a hassle to find someone if they get lost or try to do something on their own, so communication also becomes very important.¬†",,,,,,,,,
531,95,,,,,,,Low Frequency,True,3.0,Half of the time,"Call of Duty,The Finals,Escape from Tarkov,Art of Rally,Lethal Company","Gaming makes me a better team player by developing my communication skills, so I can better coordinate with my team.",,,,,,,,,
532,87,,,,,,,Low Frequency,True,3.0,Most of the time,"Valorant, Fortnite,Clash of Clans,,","I would argue gaming does make me a better team player because in all the games I play, teammwork, communication, awareness of your team, and allocating resources correctly is vital to success. This correlates to being a better team player because I have sharpened these skills over time.¬†",,,,,,,,,
533,98,,,,,,,High Frequency,True,7.0,Most of the time,"Escape From Tarkov,League of Legends,Counter Strike,Battlefield,Ghost of Tsushima","I think gaming does make you a better team player. When playing competitive team games, it exposes you to working and communicating with others to reach a common goal. Sometimes in these games things don't always go according to plan, and it then forces you to quickly come up with other solutions as a group.",,,,,,,,,
534,76,,,,,,,Low Frequency,True,2.0,Some of the time,"Phasmophobia,Mario Kart,Forza Horizon 4,Minecraft,Zelda TOTK","Gaming makes me a better team player by learning how to effectively communicate goals and allocate tasks/roles, as well as learn how to compromise with teammates.",,,,,,,,,
535,92,,,,,,,Low Frequency,True,2.0,Some of the time,"Rainbow Six Seige,Fortnite,Minecraft,Terraria,Clash Of Clans","I would say playing any type of game, not necessarily only video games, makes you a much better team player. It teaches you lessons about communication and management. When you're playing a game everyone will have a specific role to play and a job to accomplish. Learning these skills is definitely important to make you a better team player.",,,,,,,,,
536,87,,,,,,,High Frequency,True,4.0,Half of the time,"Cities Skylines II,Oxygen Not included,Kerbal Space Program,Warframe,The Finals","I'd say it does, I usually play with my best friend and I've gotten used to the way we both work together. Playing with new people is something I do occasionally and its generally in the form of identifying similar end-goals and working toward them for mutual benefit. I like to think it has positively benefitted my brain chemistry.¬†",,,,,,,,,
537,33,,,,,,,High Frequency,True,6.0,Some of the time,"world of tanks,celeste,fortnite,splatoon 3,burnout paradise","I think it greatly depends on the game. In some of the games like splatoon 3 it really does kind of force you to work as a team, while many of the other multiplayer games i play, despite being on a team of people, don't really force teamwork and can be played independently. typically when i'm playing fortnite with my friends, I kind of do my own thing while staying somewhat close to the group.",,,,,,,,,
538,77,,,,,,,High Frequency,True,4.0,Most of the time,"Fortnite,Call of Duty Warzone,CSGO,Cyberpunk,Ghost of Tsushima",I believe that it does make you a good team player. I think gaming can teach you when you need to take action vs when do you need to fall back and be a cog in the machine. For example in call of duty sometime depending on your situation if you dont take action and expect other people too. More often of the time your team will die. But sometimes just supporting your teammates is enough to catch the win.¬†,,,,,,,,,
539,86,,,,,,,Low Frequency,True,3.0,Half of the time,"Tetris,Minecraft,Overcooked 2,,","Yes, because I‚Äôve learned to communicate and work with others (especially strangers)",,,,,,,,,
540,99,,,,,,,High Frequency,True,7.0,Most of the time,"Apex Legends,VALORANT,R6 Siege,Cuphead,Red Dead Redemption 2",I would like to think it makes me a better team player because of how many team-dependent games I play. I try to play a role that betters the odds of us winning and will all-around support our team.,,,,,,,,,
541,82,,,,,,,High Frequency,True,5.0,Half of the time,"World of Warcraft,League of Legends,Overwatch 2,Apex Legends,Minecraft","I'd like to say yes, for most of the games that I play, they are team-based games where one individual player cannot ""win"" on their own, this does promote working well together with your team, however on the other side for a lot of the games I play, playing ""well"" as an individual is just as if not more important than playing well as a team.",,,,,,,,,
542,100,,,,,,,Low Frequency,True,3.0,Most of the time,"Tom Clancy's Rainbow Six Siege,Counter-Strike 2,Rocket League,Squad,Fallout: New Vegas","I would say that it does make me a better team player, given that a lot of team-based games require communication and detailed specific tasks. Specifically, my top 4 games are all team-based games that require coordination whether to pull off a push into a site or to set up teammates to score a goal or even more mil-sim (aka Squad) which require teams to set up logistic runs, tank coordination, squad coordination, and operation management. Besides a large amount of communication being required, a lot of these games require a lot of detail-orientated abilities, such as grenade lineups in CS2, operator coordination so they can play off each other in Rainbow Six Siege, how the ball bounces and reflects off walls in Rocket League, and lastly in Squad, areas that are under-fire and need support, as well as areas that require supplies to as to not be overrun and proper pathing in regards to this.¬†",,,,,,,,,
543,96,,,,,,,Low Frequency,True,1.0,Some of the time,"Valorant,Minecraft,Animal crossing,Sims 4,","I would say, I play most games for my own enjoyment. I wouldn‚Äôt say I‚Äôm too much of a gamer, but I enjoy playing something to just relax and refresh. Except valorant, that either makes it great team work when communicating effectively, or absolutely can‚Äôt work in the team due to others actions. I would say when in a good team dynamic does make it a better game. In Minecraft a little since I play with friend and it‚Äôs a little give and take.¬†",,,,,,,,,
544,82,,,,,,,Low Frequency,True,2.0,Never,"Skyrim,Bauldars Gate 3,World of Warcraft,Runescape,Starfield","Yes, being able to communicate effectively during stressful situations such as raids or dungeons can translate into the workforce well.¬†",,,,,,,,,
545,70,,,,,,,Low Frequency,True,3.0,Most of the time,"Risk of Rain 2,The Finals,Valorant,Lethal Company,Apex Legends","I feel that it does, works on coordination and communication with a group.¬†",,,,,,,,,
546,84,,,,,,,High Frequency,True,4.0,Most of the time,"Ark: SE,Siege,Lethal company,Baldurs gate 3,Avatar FOP","Playing games probably makes me a better team player. Especially in a game like siege. In order to win, you have to divide responsibilities among your teammates and trust that they can carry out their jobs. Additionally, I have to carry out my job as well in order to succeed.",,,,,,,,,
547,80,,,,,,,Low Frequency,True,3.0,Half of the time,"Jedi: survivor,Destiny,The finals,Grand Theft Auto ,Dredge","I think so because it helps me be able to communicate while focusing on a task at hand

¬†",,,,,,,,,
548,72,,,,,,,High Frequency,True,5.0,Most of the time,"Apex Legends,Rocket League,Overwatch 2,Forza Motorsport,Dark Souls","Yes, definitely. Although it is not my most played game at the moment, Rocket League has taught me the most about the importance of teamwork. I usually play with one or two others, always the same team members though. If I attempt to play by myself, there is a lack of communication and the game is sloppy. There is a clear difference in me playing with a teammate I have never met and me playing with a teammate I have spent hundreds of hours playing with. The ability to communicate effectively and quickly, while knowing that I can trust my teammate to accomplish what I am expecting relieves pressure and gives me confidence in my own playing.¬†",,,,,,,,,
549,93,,,,,,,High Frequency,True,7.0,Some of the time,"Call of Duty MW3,Minecraft,Fortnite,Terraria,Snood","I think so, I play shooter games with my brother which requires a good amount of communication. I don't know if it perfectly translate to working in a team for something like a group project for school but it definitely helps with skills like communication, collaboration, and problem-solving",,,,,,,,,
550,102,,,,,,,Low Frequency,True,3.0,Some of the time,"RuneScape 3,Grand Theft Auto 5,Baldur's Gate 3,Red Dead Redemption 2,Payday 2/3","Yes. Usually, I look up walkthroughs or complete guides before doing things with teammates, and I can usually navigate all of us through something we all need to complete. I also enjoy playing support or medic in shooter games so that I can provide my team with the tools they need to capture an objective or advance. I understand that the combined different skills of each player is greater than the sum of its parts and having diverse viewpoints to bring to the table usually results in a more rewarding experience.",,,,,,,,,
551,97,,,,,,,Low Frequency,True,2.0,Never,"chess,poker,hearthstone,,",When I used to play multiplayer games that was definitely the case. Just learning what to expect from your teammates can help with rotations and generally with what you can expect to happen.,,,,,,,,,
552,92,,,,,,,High Frequency,True,4.0,Always,"Fortnite,Rocket League,-,-,-","Playing games revolves around understanding your teammates and the game itself, so it forces you to not only think about yourself, but how to help other succeed so it may end in the best result for the team.¬†",,,,,,,,,
553,75,,,,,,,High Frequency,True,7.0,Most of the time,"Baldurs Gate,Rocket League ,The Finals,Elden Ring,Ready or Not","Yes, gaming improves team player skills through interactive and challenging team-based scenarios that enhance communication, collaboration, strategy development, adaptability, leadership abilities, and empathy.",,,,,,,,,
554,85,,,,,,,High Frequency,True,7.0,Most of the time,"Overwatch,The Finals,World of Warcraft,Elden Ring,StarCraft 2","Yes, usually I play team-based games that require a lot of cooperation to be successful. I think that this can help me communicate more effectively with my teammates.¬†",,,,,,,,,
555,89,,,,,,,High Frequency,True,5.0,Half of the time,"Zomboid,Tarkov: arena,Bannerlord ,Ready or not,Lethal company","I believe it does due to the need for communication and cooperation,and in some cases the need for developing a plan before the game starts.¬†",,,,,,,,,
556,96,,,,,,,High Frequency,True,5.0,Most of the time,"Halo,CS2/CSGO,Risk of Rain,Half-Life,Baldur's Gate 3",I'd say so. Gaming with a team on CSGO/CS2 definitely improves communication. As you are constantly giving callouts and need to be as clear as possible when doing so.¬†¬†,,,,,,,,,
557,93,,,,,,,High Frequency,True,4.0,Some of the time,"Minecraft,NHL24,Fortnite,MW,UFC",Yes it makes you communicate and strategize more efficiently.¬†,,,,,,,,,
558,96,,,,,,,High Frequency,True,5.0,Some of the time,"Elden Ring,Skyrim,Team Fortress 2,Minecraft,Empyrion","It does, because when gaming multiplayer, you usually need to work together with other people to complete an objective. If you're not a team player, your team will not do well. For example, I've been playing on a Minecraft server with my girlfriend and a few others for probably 4 years now. If I did things to hurt the world instead of advance it, we would have much less fun as a group. But since all of us have been working to advance the world for years, it's a very impressive world that I'm proud to be a part of.",,,,,,,,,
559,95,,,,,,,High Frequency,True,4.0,Half of the time,"Terraria,csgo,Overwatch,Souls-like games,Lots of story games",I would say gaming makes you a better team player as it allows you to work with teammates to accomplish a goal and work with each other's flaws to be the best.,,,,,,,,,
560,78,,,,,,,Low Frequency,True,1.0,Some of the time,"1010,Clash Royal,Brawl Stars,Apex Legends,Overwatch","Yes, it can. It helps you learn how to work as a group to accomplish one or multiple missions at once.",,,,,,,,,
561,82,,,,,,,Low Frequency,True,3.0,Some of the time,"Counter Strike,Factorio,Assetto corsa ,Rainbow 6 siege,Minecraft",Games like R6 and CS punish poor communication and in order to be successful everyone needs to be on the same page. This leads to better communication and encourages the more skill players to educate others so they can all be successful as a team.,,,,,,,,,
562,85,,,,,,,High Frequency,True,5.0,Most of the time,"Factorio,Baldur's Gate 3,Persona 4,Lethal Company,Lobotomy Corporation","It does, I tend to stick to cooperative games where you have to work with others to achieve your goals. Games like Factorio have you setting up sprawling factories that you want to optimize as much as possible and the only way to achieve that when playing with others (like I do) is through good, constant, communication and planning.",,,,,,,,,
563,70,,,,,,,High Frequency,True,4.0,Most of the time,"FIFA 23,Fortnite,Need For Speed Unbound,F1 22,Lethal Company","I wouldn't say that my gaming makes me a better team player, however, I played soccer for 8 years which improved my perception of teamwork and the skills required to work efficiently in a team, the knowledge of which slowly transferred into my gaming, allowing me to work better in a team environment.",,,,,,,,,
564,89,,,,,,,High Frequency,True,5.0,Some of the time,"Arma III,Halo: Combat Evolved,Half-Life,Sega Rally Championship 1995 for PS2,Lethal Company","I suppose it does a little. Most games I play with others, which these days I don't very often, are first person shooters. In Halo, for example, when playing competitively as a team, coordination key for objective modes like capture the flag and king of the hill. However, this is something more akin to rapid communication skills and spatial awareness so that your team can effectively control the map and its most powerful weapons. Outside of that, modding Halo with my friends has proven far more educational, coordinating with the level art guy, the musicians / sound guys, the in-game cinematics guy, and the gameplay guy, coordinating our different creative interests, and effectively communicating between us to make those visions compatible in a holistically enjoyable experience has proven difficult but educational.",,,,,,,,,
565,10,True,2,Most of the time,"Fortnite,League of Legends,Call Of Duty,Fall guys,WoW","I think so, the constant communication helps with navigating immediate responses to circumstances in a more efficient manner.¬†",,Low Frequency,,,,,,,,,,,,,,
566,44,True,6,Half of the time,"Factorio,Hunt: Showdown,Risk of Rain,ULTRAKILL,Minecraft","Gaming so often helps me by encouraging teamplay, clear communication under duress, and (in some cases) strategizing or planning. The biggest element of playing a game with a team successfully is having a common language with your teammates that lets you communicate complex ideas in a simple and understandable way. Ex., saying ""Two pushing, 300"" doesn't mean much on its own, but communicates to someone with knowledge about game systems and your own teamplay experience that ""There are two enemies, in the direction of '300', coming towards us (and you should probably do something about that)."" In the same way, much of working in teams in real life is developing and refining these communication strategies to help achieve the goals of the group.",,High Frequency,,,,,,,,,,,,,,
567,48,True,1,Some of the time,"Super Mario Bros 2 NES,Donkey Kong NES,Minecraft,Borderlands 2,Call of Duty Modern Warfare",Yes. Depending on the game it helps to have multiple people vs a solo player it can provide different perspectives on solving a stage or issue in the game.¬†,,Low Frequency,,,,,,,,,,,,,,
568,49,True,4,Half of the time,"Valorant,Rocket League,Stardew Valley,Dead by Daylight,Assassins creed",I would say yes due to the fact that it has improved my coordinating abilities with other people and that doing your part in a team is what really gets people to that end goal of winning the game.¬†,,High Frequency,,,,,,,,,,,,,,
569,52,True,5,Half of the time,"Fortnite,Counter Strike,Elden Ring,Rust,Squad","Yes, its easier to solve more problems if task are assigned and people are able to focus on a specific role",,High Frequency,,,,,,,,,,,,,,
570,53,True,4,Some of the time,"PGA23,OSRS,Fortnite,Pubg,Rocket League","Gaming does seem to improve my teamwork skills. It forces you to explain in detail specific situations and strategize in real-time. There is also a large weight on contributing to the team, otherwise the team fails.",,High Frequency,,,,,,,,,,,,,,
571,56,True,7,Most of the time,"Spelunky,For Honor,Eldin Ring,Rainbow six siege,Yakuza","I would Gaming definitely makes you a better team player. A lot of popular games like counter strike, overwatch, or rainbow six siege require that each person is a team player in order to be successful.",,High Frequency,,,,,,,,,,,,,,
572,58,True,3,Half of the time,"Fortnite,Overwatch,,,","In many multiplayer games you must work with a team to win, thus earning a shared reward of sorts. I think these environments could promote better communication skills for a gamer that would benefit his real life.¬†",,Low Frequency,,,,,,,,,,,,,,
573,62,True,5,Most of the time,"Grand Theft Auto,Rocket League,GTFO,Overwatch,MX vs ATV","Yeah, I believe gaming does make me operate better on a team. I've learned patience for my peers as well as the ability to view situations from a different perspective. Following a hard loss it's easy to push the blame onto a single person and avoid the mistakes you yourself made, if you make this a habit, don't expect to win all that much and don't expect to get better at whatever you're playing. When you play as a team you lose as a team and everyone is responsible and it's incredibly important to understand that before entering the workforce. You cannot yourself lead a team to victory and one sole person cannot be responsible for failure.",,High Frequency,,,,,,,,,,,,,,
574,64,True,0,Never,"Fallout Vegas,Skyrim,The Old Republic,Fable,Call of Duty (Generically)","I used to game a TON, however I don't have much time for it nowadays. I gravitated towards the RPGs (I spent WAY too much time with the elder scrolls games as well as a certain Star Wars MMO). I tend to be a bit of a solo gamer.",,Low Frequency,,,,,,,,,,,,,,
575,68,True,1,Most of the time,"Forza Horizon 5,Call Of duty,Rocket League,Madden ,GTA V",I think it does because it helps improve my communication and expand my way thinking when approaching difficulties or in general playing the game.¬†,,Low Frequency,,,,,,,,,,,,,,
576,68,True,2,Some of the time,"Sonic The Hedgehog 3,Roblox,Mega Man,The Powder Toy,Galaga","I assume so because I know when to step in, pitch in, act w/o needing confirmation, and when to let someone else handle situations.¬†",,Low Frequency,,,,,,,,,,,,,,
577,69,True,7,Half of the time,"Genshin Impact,Warframe,Rocket League,Minecraft,Baldur's Gate 3","I think definitely, but there's I think a difference between team play in a gaming environment and team play in a development environment. Unless you're talking about being part of a guild in a large MMO or something, then most of your team play in video games are very short-term and well contained, where as in a development scenario, you are working in a team for much longer than just the thirty minutes to an hour it takes to finish a League of Legends game or whatever. Video games also require much more snap decision making, something that software development, as long as things are going well, shouldn't require.¬†

One of the biggest things that I think gaming teaches you about being a team player is the flexibility of leadership. Say I'm in a League of Legends game with my friends; whoever is the designated ""shot-caller"" out of our friends isn't going to be involved in every engagement, especially in low-skill lobbies where team fights are never coordinated and random 2v2 or 3v3 skirmishes happen. Someone has to step up and be a shot caller, and the rest of the people involved have to roll with it. Same in development: there might be someone ""in charge,"" but as a group y'all are still a team, so you need to be flexible with the leadership in smaller situations.¬†

I think I have a very unique experience in my gaming though, since I take part in running major event servers in Minecraft, and that requires a colossal amount of team work there to make these events go smoothly and make for a good video for the production team. My staff team (of which I'm second-to-top in the chain of command) make sure that the server with around one thousand players goes smoothly and makes for good content. We are a staff of like a dozen people, too, so making sure we're documenting everything for the production team as well as making sure nobody is breaking rules as well as engaging with the players and asking them questions as well as keeping an eye on their individual discord servers requires insane amounts of communication and work delegation. Which, again, is a very unique experience, but it has made me an incredible team player anyway.¬†",,High Frequency,,,,,,,,,,,,,,
578,70,True,4,Half of the time,"Geometry Dash,Minecraft,League of Legends,Roller Coaster Tycoon,Assorted Indie Games",I would say yes. Especially in League of Legends there's a lot of communication required to play well. Whenever I play it's with friends and we're doing call-outs the entire time. The position I play (jungle) is probably the most team work oriented role since the role is mostly based around getting your team ahead rather than yourself.,,High Frequency,,,,,,,,,,,,,,
579,71,True,7,Always,"call of duty,valorant,n/a,n/a,n/a",Communication is key when working in a team. It helps me figure out the difference between good communication and bad communication.,,High Frequency,,,,,,,,,,,,,,
580,71,True,2,Some of the time,"Roblox,Star Citizen,Lethal Company,Arkham Games,chained together","I would say so because while it does help strengthen you cognitively, I would say depending on who you play with it can also help teach you how to handle your emotional intelligence and your reactions to setbacks.",,Low Frequency,,,,,,,,,,,,,,
581,72,True,4,Most of the time,"Battlefield 2042,Rainbow Six Siege ,fortnite,fallguys ,outlast","Yes, I play rainbow six siege which is a team based tactical shooter so working as a team is essential in this game. It help me comminate with others and understand my position as well as their position.",,High Frequency,,,,,,,,,,,,,,
582,73,True,4,Half of the time,"Rainbow Six Siege,Smite ,Jedi Survivor,God of War,Madden",I believe so because I have to work with people who sometimes have varying interests from me in order to achieve a common goal.¬†,,High Frequency,,,,,,,,,,,,,,
583,73,True,7,Most of the time,"Rocket League,Minecraft,Cyberpunk2077,Satisfactory,Rainbow 6 Siege","100% gaming make me a team player. The use of coms and callouts are very important in fps games and using my team for support is will always give me an advantage. Even if I do not know my teammates getting to understand how they play is very important in the first few rounds. This helps me figure out a game plan for myself, which in turn can lead to a win.",,High Frequency,,,,,,,,,,,,,,
584,73,True,5,Always,"Elden Ring,Rainbow Six Siege,Ready or Not,HOI4,Slay the Spire","As you said above, it is much harder to win when you try to do it alone. Setting goals for each person on a team keeps everyone connected, and when one side/person is dealing with too much, having a team allows them to support you and take on some of that weight.¬†",,High Frequency,,,,,,,,,,,,,,
585,74,True,5,Half of the time,"Minecraft,Rainbow Six Siege,Hell Divers 2,Bloons TD 6,Rocket League","I think it does because mostly all games I play are cooperative, so you have to be a good team player in order to succeed. One such method that is the most common is communication, which is especially important in tactical games like Rainbow Six Siege or Hell Divers 2 where the game can be decided based on good or bad callouts to the rest of the team.",,High Frequency,,,,,,,,,,,,,,
586,74,True,2,Some of the time,"TBoI,Elden Ring,Apex,,","A little, as a big part of gaming with others is communication.¬†",,Low Frequency,,,,,,,,,,,,,,
587,74,True,2,Some of the time,"Realm of the Mad God,Minecraft,Overwatch 2,Valorant,CS2","I would say yes. I mostly solo queue when playing competitive games like CS2 and Valorant. This has, if anything, given me experience with cooperating a wide range of people. Conflict resolution, as well. I don't play that kind of game so much anymore, I really just have the time.

Minecraft feels like an almost better example, thinking to large builds I cooperated with others on in servers.",,Low Frequency,,,,,,,,,,,,,,
588,74,True,2,Some of the time,"Mobile,Minecraft,CS2,Overwatch,Valorant","Slightly, but not overwhelmingly. It may help me a bit work in a team, but it's not going to help me too much",,Low Frequency,,,,,,,,,,,,,,
589,74,True,2,Half of the time,"Valorant,Roblox,Minecraft,Bloons Tower Defense Battles 2,Fortnite","Yes, I will use Valorant as an example. Valorant is an FPS where two teams of five compete in round-based matches. One team is defending and one is attacking. Valorant makes you a better team player because you need to be good at communicating to win matches which is a big factor in making teams function effectively. Individual skill does not apply because the movement is limited and gun mechanics are pretty realistic. The way to get the upper hand on your opponent is with strategic planning and giving good callouts to your teammates to get the upper hand on your opponent. Communication makes teams tick because it is essential for the team to function effectively otherwise there would just be no point in a team.",,Low Frequency,,,,,,,,,,,,,,
590,75,True,0,Always,"GTA V,NBA 2k,CSGO,Call Of Duty ,Mario Party",Trying to effectively get across to someone you just met has grown my communication skills a lot.,,Low Frequency,,,,,,,,,,,,,,
591,76,True,3,Most of the time,"FC24,Rainbow Six Siege,NBA 2K24,PGA 2K23,Minecraft","I have never thought about this before, but it definitely does. The game I play the most is Rainbow Six Siege. In this game, you pick operators each round that have different abilities. It is a 5v5 game, so you need to strategically pick operators that counter the other teams, with each person playing their own part. You also have a site to protect or attack, depending on the side you are on. Since there are multiple ways to attack one site, the entire team needs to be on the same page whether you're on offense or defense. Essentially winning or losing in this game entirely comes down to teamwork and communication, so I would definitely say that it makes me a better team player.",,Low Frequency,,,,,,,,,,,,,,
592,76,True,2,Most of the time,"Call of Duty\, Minecraft\, Rainbow Six Siege\, Warzone\, Grand Theft Auto,,,,","I would say yes, because it helps you realize how to work with just about anyone, and do your best to work well together to reach a goal.",,Low Frequency,,,,,,,,,,,,,,
593,77,False,1,Some of the time,"Brawlhalla,Elden Ring,COD (pretty much all of them),subnatica,God of War",I said false to the first question because I don't play video games that often now but I used to a lot. I liked to play single player games but when playing COD it was obvious when everyone had a mic and worked together we did a lot better.,,Low Frequency,,,,,,,,,,,,,,
594,77,True,0,Some of the time,"Skyrim,Minecraft,Red Dead Redemption 2,Digital Combat Simulator: F/A 18 Hornet,Wii Sports Resort","Through a three-year old Minecraft realm with my brother, I've learned how to work with people who can be difficult or particular when it comes to shared projects (architecture, planning, etc.).¬†

I have also played a fair bit of team-based FPS games and they are a great way to develop your charisma and ability to talk to and work with strangers.

¬†",,Low Frequency,,,,,,,,,,,,,,
595,77,True,7,Some of the time,"fortnite,Counter Strike,skate 3,skater xl,session skate","Absolutely, when playing games, I learn to adapt and adjust to my teammate's play style to achieve victory. It teaches teamwork and team cooperation.",,High Frequency,,,,,,,,,,,,,,
596,77,True,7,Some of the time,"My Summer Car,Stellaris,The Ascent,Baldur's Gate 3,Ark: Survival Ascended","Even single player games or modes in some games have made me a better team player, by providing a structured environment where I need to organize my thinking and plan ahead or face dire consequences. In particular games like Ark, Frostpunk, and Don't Starve have helped me hold back my impulses which were previously to leap without looking and now tend towards premeditated action with consideration of consequences. By habitually playing games with tight resource management and harsh consequences, I've become more reliable in my decision making, consideration of impact on others, and less prone to impulsive choices that cause problems.",,High Frequency,,,,,,,,,,,,,,
597,77,True,7,Most of the time,"Monster Hunter World,League of Legends,Halo Master Chief Collection,ROTMG,Wuthering Waves","Yes, it really makes you account for the strengths and weaknesses of a certain player, and learn to accommodate/adapt so you can get a clean victory without arguing. I feel that translates to real life almost perfectly, because it is the same concept - using unity to get to the end goal with as little as trouble as possible.",,High Frequency,,,,,,,,,,,,,,
598,77,True,2,Always,"Minecraft,CSGO,Chained together,,",In stressful situations maybe but most of the time I feel the same as if I wasn't a gamer.,,Low Frequency,,,,,,,,,,,,,,
599,77,True,3,Some of the time,"Forza,GTA 5,Call of Duty,Fall Out 76,Minecraft",I like to think in most cases yes as it makes me think about what I can do to help others do better or pick up the slack where they lack and the same with where I lack and helps the team finish or complete the task in general or better.,,Low Frequency,,,,,,,,,,,,,,
600,78,True,3,Most of the time,"rainbow six siege,rocket league,elden ring,gta v,minecraft","I think so, playing with a team requires a lot of communicating and coordinating.",,Low Frequency,,,,,,,,,,,,,,
601,78,True,1,Most of the time,"Minecraft,Fort Nite,Doom 2016,Left 4 Dead 2,Overwatch","Yes, playing in random queue all the time has given me an appreciation for good teammates. Also, understanding that sometimes you have to work with what you were given and do the best with what you have.¬†",,Low Frequency,,,,,,,,,,,,,,
602,78,True,3,Some of the time,"Star Wars Empire at War,Men of War Assult Squad 2,Arma 3,Star Wars Battlefront 2004,Rainbow Siege 6","I do recgonize that the games I play do need and require players to work together inorder to win, even if it is just AI or Bots, coordination happens to be key to victory. So I guess that gaming does make me a better team player because it teaches that helping and assisting often leads to victory.",,Low Frequency,,,,,,,,,,,,,,
603,78,True,7,Half of the time,"project zomboid,stardew valley,minecraft,project diva,interplanetary","I think some of the games I play give me a bit of experience in creating large projects with other people. For instance, in Minecraft me and my friends do large building projects where we have to work on individual parts of a larger thing. Collaborating on organization of items is also good practice I think.",,High Frequency,,,,,,,,,,,,,,
604,78,True,6,Most of the time,"cs go,valorant,rainbow six siege,roblox,fortnite",It really depends if you are an IGL (in game leader) if you take this role on it can help create a leadership skill set to know when to advance and take adcantages.,,High Frequency,,,,,,,,,,,,,,
605,78,True,2,Most of the time,"Star Wars Battlefront,Call of Duty,NHL,MLB The Show,NCAA Football","Yes, my gaming does make me a better team player. I believe it makes me a better team player because it helps me understand the intricacies of working within a team. Whether it be coordinating moves, making sacrifices, or teaming up to accomplish a goal, video games have really helped me become a better team player.¬†",,Low Frequency,,,,,,,,,,,,,,
606,80,True,5,Always,",Overwatch ,,,",sometimes,,High Frequency,,,,,,,,,,,,,,
607,80,True,7,Most of the time,"hollow knight,overwatch 2,elden ring,ANIMAL WELL,Celeste","I'd say playing games in a team has given me the mentality that I can always do better and I shouldn't blame my teammates, which helps in picking up slack in projects when someone else isn't able to do it (not that they're lazy but life gets in the way).",,High Frequency,,,,,,,,,,,,,,
608,80,True,6,Half of the time,"Team Fortress 2,Elden Ring,Deep Rock Galactic,Wizards 101,Lethal League","Gaming, even co-operatively, will not make someone a better team player. In many multiplayer games, even those that hinge entirely on co-operation such as Overcooked or¬†Lethal Company, an individual player may chose to operate entirely separate from the team. In these instances there's a good chance that the player will never learn to co-operate, even if loss is guaranteed. This is because being a good team member isn't entirely based upon learning to be a good team member, it's about wanting to be a good team member. If a person wants to be a good team member, then it's almost guaranteed that they will be. This comes with the caveat that if a person has no motivation to be a good team member, then they will not be a good team member. While playing games that require co-operation may allow others to gauge a persons willingness to work as a team, the games don't directly improve an individuals ability to operate in a team.

As a side note, playing games and the like with a new team allows for each member to gauge each other in how they operate. Playing games often improves bonds between members of a group, much the same as working with them for an extended period will. The key difference between games and work, is that the less 'hostile' environment of play allows for people to lower their guards and be more amicable.",,High Frequency,,,,,,,,,,,,,,
609,80,True,7,Half of the time,"Elden Ring,Destiny 2,EverQuest,N/A,N/A",Absolutely. In games such as Destiny and EverQuest it is required to be organized to complete raids and encounters.,,High Frequency,,,,,,,,,,,,,,
610,80,True,7,Half of the time,"GTFO,Dyson Sphere Program,Terraria,Minecraft,Barotrauma","I think it makes me a better team player. This is because gaming creates difficult situations that require interacting with a team and communicating further than regular banter. I think these situations have giving me skills such as splitting up responsibility in a situation, communication between different groups / people, and complex problem solving / brainstorming with a group.",,High Frequency,,,,,,,,,,,,,,
611,81,True,1,Some of the time,"Factorio,Rainbow Six Siege,Rimworld,,",I don't do much team gaming anymore but I do believe that playing with a team in video games can help you work in teams more fluently in a professional environment.,,Low Frequency,,,,,,,,,,,,,,
612,81,True,2,Some of the time,"Age of empires 2,League of legends,Battlefield 2042,Assassin's Creed,Age of empires 3",It does not. I usually find myself fully focused on my individual success as I do in my personal life as well.,,Low Frequency,,,,,,,,,,,,,,
613,81,True,6,Most of the time,"Axis & Allies 1942 Online,Warframe,Star Wars Empire at War Gold Pack,Phasmophobia,Northgard","I believe it does. It does because it allows for me to work with other people to come up with complex strategies, quick decision making, and teamwork. Playing strategy games helps me be able to think about the overall picture and come to a conclusion on how to best resolve the issue at hand or win the game. Speed games allow for quick decision making in times of high stress when only seconds are away from life or death in game. And it build teamwork in general because if you didn't have good teamwork with your team the plans made and general gameplay would fail.¬†",,High Frequency,,,,,,,,,,,,,,
614,81,True,2,Some of the time,"dota,Starcraft,streetfighter,slay the spire,monster hunter","Yes, it allows me to practice planning, communicating, and defending priorities that I believe will lead to team success.¬†",,Low Frequency,,,,,,,,,,,,,,
615,81,True,7,Some of the time,"Elden Ring,Final Fantasy XIV,Phasmophobia,Final Fantasy... (various games),Baldur's Gate III","MMOs like Final Fantasy XIV and Phasmophobia requires clear, quick communication without over-explaining the game to the team (not only can this be frustrating, but it can slow down reaction time and muddy the communication channel).

I also enjoy RPGs that require a lot of critical thinking and adaptation. This might be as casual as deciding what the next logical step in a quest might be or reacting to the six gun-wielding bad guys that just popped up on the screen. Being able to adapt and react given the amount of time available is a valuable skill - I believe the most important part of that process is understanding how to use time efficiently in reaching a decision. There might be time for the team to discuss multiple solutions and debate the best response, or it might require a ""rapid-fire"" reaction, and further analysis can eat away valuable reaction time and resources.",,High Frequency,,,,,,,,,,,,,,
616,82,True,4,Most of the time,"Apex Legends,League of Legend,Honkai Star Rail,Outlast Trails,Dead by Daylight","Since a majority of gameplay in League of Legend is meant to be team oriented I try my hardest to play with my team considering that when I do only play league it's ranked. Sometimes it works out rather well but a lot of times the people in the game are very toxic so it's hard to try and get through with logic rather than emotions for most players I come across. As for other games like Apex Legends, Outlast Trials, or Dead by Daylight I love playing those with friends and it makes me feel like the team play that we've done makes us better friends and have more trust in each other. Honkai Star rail is single player game so I can't really say much for team player other than maybe organizing what's my priority.",,High Frequency,,,,,,,,,,,,,,
617,82,True,5,Most of the time,"Helldivers,Overwatch,Sonic,league of legends,tekken",Yes I learned to communicate and work together. I learned how to lead and sometimes do the things people dread doing in order to push the team ahead.,,High Frequency,,,,,,,,,,,,,,
618,82,True,2,Some of the time,"Subnautica,Civilization 5,God of War,Final Fantasy VII,Patron","Mostly i enjoy playing single player games more as seen in my list above, but i do occasionally play Civ 5 with teams which includes a lot of planning and communication on what each person is doing to reach whatever our end goal is that game, whether that be world domination or a science victory. I think that helps when it comes to being a team player as communication is important to success in group projects.",,Low Frequency,,,,,,,,,,,,,,
619,83,True,6,Most of the time,"Couinter strike 2,Destiny 2,rocket leauge,valorant ,rust","Yes i also enjoy team work and feel that i can actually communicate if i know the pople im with and tend to have higher win rates for ranked in order to climb. So yes i am more talkative and direct from video games which has made me a better team player.

¬†",,High Frequency,,,,,,,,,,,,,,
620,83,True,6,Most of the time,"Rainbow Six Siege,Rocket League,Overwatch,NBA 2k,Fifa","In general yes, I think that the main way that playing video games has improved my teamwork is by identifying each persons individual strengths and being able to work to the benefit of the whole team by having everyone contribute what they can.",,High Frequency,,,,,,,,,,,,,,
621,83,True,4,Some of the time,"Red Dead Redemption 2,Call of Duty,Grand Theft Auto V,Mortal Kombat,Subnautica","No, I have never cared for the competitive aspect of games and just played them for fun in my spare time. I rarely try learning strategies since I don't care to take games seriously and mostly play games for the story.",,High Frequency,,,,,,,,,,,,,,
622,83,True,4,Most of the time,"Call of Duty,Tom Clancy's Rainbow Six Siege,Kingdom Hearts,Elden Ring,Counter Strike 2","I believe gaming makes me a better team player for sure. When you are playing strategy games or FPS games in a team, it is incredibly vital for you to have pristine communication so that your team can react appropriately and therefore reach a win. This relates to how you work in a group project. Communication is key. You also have to be able to understand where you are needed, meaning reading what others strengths and weaknesses are, as well as your own. With this knowledge you can create a plan to execute whatever needs to be executed. Help someone in one area, and ask others for help in another. It also helps me be a better team player because a lot of games bring out the competitiveness in me. This leads me not only to wanting to improve myself for the benefit of those on my team, but also help others grow for the benefit of the collective.",,High Frequency,,,,,,,,,,,,,,
623,83,True,7,Some of the time,"Helldivers 2,Dead by Daylight,Ready or Not,Elden Ring,Phasmophobia","I believe it does, many of the games I play involve close teamwork to win and it has allowed me to be very open with other people's ideas and see their vision for solving a problem.",,High Frequency,,,,,,,,,,,,,,
624,83,True,3,Most of the time,"CS2,Elite Dangerous,Manor Lords,Sons of the Forest,Minecraft","I would say so, effectively and clearly communicating with teammates is important no matter the situation. Although, this doesn't apply to everyone, there are some people that just scream into a microphone instead of anything useful.",,Low Frequency,,,,,,,,,,,,,,
625,83,True,4,Some of the time,"Splatoon 3,Zelda: Tears of the Kingdom,Pokemon Scarlet,No Man's Sky,Hollow Knight","My gaming makes me a better team player because I prefer collaborative games over competitive games, where I can rely on others to help work towards the objective while trying to ensure success for the team myself.",,High Frequency,,,,,,,,,,,,,,
626,84,True,7,Most of the time,"Mobile Legends,Honor of Kings,League of Legends,Zelda,Final Fantasy","It teaches you how to be patient, since some games have newer team members join and you have to be more patient and teach them the ropes.¬†",,High Frequency,,,,,,,,,,,,,,
627,84,True,3,Most of the time,"valorant,Rainbow Six seige,sea of thieves,minecraft,call of duty","yes, I learn to communicate more effectively",,Low Frequency,,,,,,,,,,,,,,
628,84,True,3,Most of the time,"Rainbow 6 Siege,Counter Strike 2,Fortnite,Minecraft,Pokemon GO","It gives me more patience when dealing with others, it helps me find solutions to team problems",,Low Frequency,,,,,,,,,,,,,,
629,84,True,2,Always,"Fortnite,FIFA,NBA2K,GTA V,Clash Royale","Yes it does, because in FIFA we need to organise what role each of us are performing on the pitch, for example defending, play making, playing up top and we need to maintain this formation and structure to counter the opponent's attacks and also score goals in coordinated attacking plays.",,Low Frequency,,,,,,,,,,,,,,
630,84,True,6,Half of the time,"Destiny 2,Final Fantasy XIV Online,Slay the Spire,Minecraft,Fallout New Vegas",I believe it might make me a better team player. With my experience in MMO's like Final Fantasy 14 I'm very used to having to rely on other players and communicate to finish a goal. Since everyone has a role to play in FFXIV i'm very used to knowing my space when working in a group. With Destiny 2 the raids are more complicated and I often become the leader calling the shots and explaining how to do complex mechanics to my team and leading us to victory. So I'd say that also allows me to understand how to lead a bit more than most as well.,,High Frequency,,,,,,,,,,,,,,
631,84,True,5,Most of the time,"csgo,apex legends,super mario 64,minecraft,sonic adventure 2","It helps me provide thorough instruction to others, and has made me a lot more open minded to the ideas and thoughts of others.",,High Frequency,,,,,,,,,,,,,,
632,84,True,6,Some of the time,"Valorant,NCAA Football 25,Madden,Fortnite,CS-GO","I can agree that gaming makes you a better team player. An example of this would be a game where you are required to have a squad, and if you win you rank up. At first, some players will be selfish and worry about their gameplay, but the competition difficulty will get to a certain point where you are forced to coordinate to win. This will force you to work with your team and ultimately teach you to communicate productively.¬†",,High Frequency,,,,,,,,,,,,,,
633,84,True,3,Never,"Hades,Zelda TOTK,Witcher 3,,",I typically stick with RPG/Solo games now a days. It allows me still play while I work a busy schedule and do the other hobbies I have going on - since trying to nail down a good time to play with friends and family has just gotten difficult.¬†,,Low Frequency,,,,,,,,,,,,,,
634,85,True,4,Some of the time,"Destiny 2,Risk of Rain 2,Factorio,No Man's Sky,Subnautica","Yes, in multiplayer games, different players usually have different roles, and the success of the team often depends on each player performing there role well.",,High Frequency,,,,,,,,,,,,,,
635,85,True,6,Most of the time,"Valorant,CSGO,Civilization V,Random Tower defense games,Overwatch",I flex around my team to better support them because I don't trust them to do the same for me. I know what is lacking the most and how to fill that role.,,High Frequency,,,,,,,,,,,,,,
636,85,True,1,Most of the time,"Fallout New Vegas,CS-GO 2,Clue,Worms aarmageadon,Touch football",I think that gaming with my friends in CS has taught me to be a better team player. My short comings as the worst shooter in the group can greatly affect the outcome of the game. However if I do better it helps the team succeed. In order to do better I have to constantly learn from mistakes and learn to ask questions about the maps and what angles are the best to hold.,,Low Frequency,,,,,,,,,,,,,,
637,85,True,7,Half of the time,"Elden Ring,Rocket League,Spelunky 2,Counter-Strike 2,Super Smash Bros Ultimate",You learn to rely on your teammates by working together in order to succeed.,,High Frequency,,,,,,,,,,,,,,
638,85,True,5,Most of the time,"Destiny 2,Valorant ,GTFO,Vampire Survivors ,Trombone Champ","It does, as more often then not it forces me to rely on my teammates to deal with just as much work as I do.",,High Frequency,,,,,,,,,,,,,,
639,85,True,5,Half of the time,"Enshrouded,Madden,Stardew valley ,Call of duty ,Skyrim",I would think so. You learn how to team up to beat objectives.¬†,,High Frequency,,,,,,,,,,,,,,
640,85,True,6,Half of the time,"Batman Arkham Knight,Fortnite,Witcher 3,Sekiro,Clash of Clans","I am not good at the actual game, I a have always been the medic/support guy and I am good at it.",,High Frequency,,,,,,,,,,,,,,
641,85,True,2,Half of the time,"Dark Souls,Stardew Valley,COD,Diablo,Ori and the Blind Forrest","Yes, 100%. In any game that requires teams there is an emphasis to have good communication, open to listening to others ideas, ready to compromise, determined to create a plan of action and ready to talk through problems that arise, and many other important skills to create a successful and efficient team. All these skills and others I even did not list are all important to help your team be successful and have less risk of arguments or inability to complete the task at hand.",,Low Frequency,,,,,,,,,,,,,,
642,85,False,1,Most of the time,"Minecraft,RocketLeague,Forza Horizon 4,,","Yes! Playing games with a team is huge progress towards the end goal of winning the game. Same goes for real life and classes, working in a team truly helps me, as well as others in the class towards the grade we want on the next assignment/project/exam. In the end, we all end up learning more collectively as well.¬†",,Low Frequency,,,,,,,,,,,,,,
643,85,True,2,Half of the time,"League of Legends,Squad,Total War series,Bannerlord 2,Civilization",Playing games like Squad involve tactics at the lowest level to achieve victory in combat. This directly translates to my Army ROTC experience and gives me a well rounded look at missions and how to run them. It helps me coordinate with higher echelons and disseminate orders down the chain of command. I find that video games help me to communicate more effectively while giving a little dopamine boost at the same time.¬†,,Low Frequency,,,,,,,,,,,,,,
644,85,True,4,Most of the time,",League Of Legends,,,",I think it can in some ways. Through playing games as a team I can see how my specific role can be important no matter how small or big it may seem. It has also taught me to be mindful of what others are working on and how what I'm doing may be able to help them,,High Frequency,,,,,,,,,,,,,,
645,86,True,3,Most of the time,"DayZ,Counter Strike,Helldivers II,Counter Strike,Counter Strike","I think playing team based games can improve your ability to be a ""team player"" in other scenarios just as organized sports can. However, with the culture of online gaming these days, toxicity against teammates is a huge problem, and I think that those who participate in the toxic culture can make their ability to work in a team in outside tasks worse. Hard to say.",,Low Frequency,,,,,,,,,,,,,,
646,86,True,7,Most of the time,"Star Wars Battlefront,Dota 2,Witcher 3,Civilization 6,Terraria","I think so. Dota 2 is the game I have played the most, it's a team game with distinct roles for everyone. So for me, playing my role the best I can and trusting others that they will fulfill their part. Also, making sure everyone is aware of their role and tasks, if everyone is clear on what they are doing everyone can then contribute. This requires constant communication to keep everyone up to date on the plan or strategy.",,High Frequency,,,,,,,,,,,,,,
647,86,True,4,Some of the time,"Magic: The Gathering,Old School Runescape,Dark Souls Games,The Legend of Zelda Series,Bethesta Single-Player RPGs","The times I have played team-based games have probably made me a better team player. With video games and especially tabletop games, I notice that diplomacy and conflict resolution play a large role in one's success. I'm a HEMA fencer now, but back when I did a lot of team sports when I was growing up I noticed that I got really good at not idling and reading my teammates quickly in the heat of the moment. Games are a simulation at the end of the day, and I believe they have helped work in teams go much more smoothly for me. Conflict in methodology is a surefire way to grind progress to a halt, and setting a good example while listening well to teammates definitely paves the way for success.¬†",,High Frequency,,,,,,,,,,,,,,
648,86,True,7,Some of the time,"Civilization 6,Dead by Daylight,Far Cry 4,Skyrim,Tomb Raider","Definitely so. By gaming on a variety of teams and not always knowing the people I'm playing with, I've developed better communication skills that allow me to solve problems with people in real-time, stressful situations. It also has allowed me to consider other's perspectives more easily; even when someone doesn't approach a problem the same way I would, I try to understand why they took that course of action. I have also gotten better at adapting to the actions of others and how they may affect the team's progress toward a goal.",,High Frequency,,,,,,,,,,,,,,
649,87,True,1,Half of the time,"UFC,Fortnite,Madden ,Call of Duty: Black Ops II,NHL","Yes, playing sports games has made me a better team player by teaching me how crucial collaboration and communication are for success.",,Low Frequency,,,,,,,,,,,,,,
650,88,True,0,Some of the time,"Counter-Strike,Overwatch,Halo 2 & 3,,","Games provide instant feedback during/at the end of rounds which can paint a picture of individual levels of performance and contribution to the overall effort. Many of them require each person to fulfill their role in order for your team to win. In this sense, they aid in instructing what the individual must accomplish in order for their team to succeed.",,Low Frequency,,,,,,,,,,,,,,
651,89,True,5,Most of the time,"Ark Survival Evolved,Rainbow 6 Siege,Elden Ring,Terraria,Dead by Daylight","Yes, I am a member of the CSU Competitive Esports club for Rainbow 6 Siege. Being a part of a comp team for a strategic game requires you to learn how to work as a team with people you just met. We have practices where we share ideas, and we plan out strategies. I also play a lot of other games with friends that require us to work together to complete, like it takes two or overcooked.",,High Frequency,,,,,,,,,,,,,,
652,89,True,3,Half of the time,"Rainbow Six Siege,GTA V,Rocket League,BTD6,CSGO",It really depends on the game but for the most part yes because you have to work as a team to actually win.¬† This requires good communication as well as focus on what you want to achieve overall.¬†,,Low Frequency,,,,,,,,,,,,,,
653,89,True,2,Half of the time,"CSGO,Valorant ,Mario Kart,Mario Party,Cooking Mama",Gaming can make you a better team player only when you are also trying to improve. This is the only way it makes you better as a team player because you are thinking about everyone and what they could do to succeed in the game/match.,,Low Frequency,,,,,,,,,,,,,,
654,89,True,7,Always,"CSGO,League of Legend,Valorant,baldur's gate 3,Terraria","Yes, It's help me learn that the easiest way to win is to work as group.",,High Frequency,,,,,,,,,,,,,,
655,89,True,7,Half of the time,"Terraria,Minecraft,Celeste,Risk of Rain 2,Neon White",I can learn to play to my strengths and how to rely on others to do the tasks I cannot do as well.,,High Frequency,,,,,,,,,,,,,,
656,89,True,2,Some of the time,"Call of duty,Oxygen not Included,Prison Architect,Terraria,Factorio","Sometimes. It depends which team game I play. It can facilitate effective communication between teammates, which can be built into a soft skill.",,Low Frequency,,,,,,,,,,,,,,
657,90,True,4,Always,"World of Warcraft,Overwatch,Oh Deer,Roblox,God of War",Yes because if I don't work as a team I can't accomplish the goal.,,High Frequency,,,,,,,,,,,,,,
658,90,True,3,Half of the time,"Helldivers,Apex,COD,The Finals,Minecraft","Gaming does make you a better team player. When in a team, you always have to work together and rely on each other to get the job done. It helps you understand that you cannot meet an objective without the help of everyone on your team.",,Low Frequency,,,,,,,,,,,,,,
659,90,True,7,Some of the time,"Terraria,League of Legends,Minecraft,Destiny 2,Valorant","Yes, it improves my ability to communicate in high-pressure time sensitive situations.",,High Frequency,,,,,,,,,,,,,,
660,90,True,4,Some of the time,"Hades,Baldurs Gate 3,Witcher 3,Call of Duty,Minecraft",Sometimes. If I am playing with friends cooperatively I tend to be more group focused. If I am playing a team-based game with strangers I tend to be more selfish and do my own thing. So if I can actively communicate with the people I'm playing/working with then yes it makes me a better team player.,,High Frequency,,,,,,,,,,,,,,
661,90,True,4,Half of the time,"Warframe,War Thunder,Helldivers 2,Halo,Destiny 2","Yes. The game I play most often is a high intensity combat flight simulator where I often fly in a voice or text chat session with wingmen I've never met before. It has helped me learn how to identify what information is relevant to my teammates and share it in a timely manner, how to interact appropriately with stressed individuals who might otherwise hold the team back, and how to quickly get along with new people.",,High Frequency,,,,,,,,,,,,,,
662,90,True,7,Half of the time,"Rocket League,Sea of Thieves,Injustice,League of Legends,Roblox","Yes, I suppose it improves my communication skills under pressure and overall. One gets to meet some interesting people in this hobby. Most games have some sort of common goal that a team has to work toward and communication might be the largest controllable factor that could make or break a team.",,High Frequency,,,,,,,,,,,,,,
663,90,True,2,Some of the time,"Tetris,Factorio,Peglin,Uncharted,The Last Of Us","While I play limited multiplayer games, the ones I do require intense communication, collabortation, and trust. So while I do believe my gaming does make me a better team player, since I often play single player games the effect may be less than others experience.",,Low Frequency,,,,,,,,,,,,,,
664,91,True,2,Half of the time,"Palworld,Valorant,Super Smash Bros,Monster Hunter World,Minecraft",I would say my history of playing games has made me a better team player. Especially growing up playing tactical FPS games where working as a team in competitive systems was necessary to succeed. It also helps that often you are placed into a lobby with completely random people and must quickly learn how to adapt to their playstyles to be more successful.,,Low Frequency,,,,,,,,,,,,,,
665,91,True,4,Always,"THE FINALS,rocket league,fortnite,Call of duty,NBA 2K",I feel it does. It helps with your communication with others because you have to talk in a direct and concise manner.,,High Frequency,,,,,,,,,,,,,,
666,91,True,7,Most of the time,"valorant,Destiny 2,Elden Ring,Fifa,Baldurs Gate 3",Yes I believe it does make me a team player considering that most of the games that I play are team-based games that require me to coordinate at a high level to win games.¬†,,High Frequency,,,,,,,,,,,,,,
667,91,True,2,Most of the time,"Valorant,Rocket League,Dark and Darker,Minecraft,Misc",¬†I believe certain gaming environments lend themselves well to communication and teamwork. Many of the games I play are exclusively competitive team based games. Based on this I believe that through communication and constant work within a team environment has improved my skills as a team player,,Low Frequency,,,,,,,,,,,,,,
668,91,True,1,Some of the time,"Fortnite,terraria,Minecraft,cities skyline,clash of clans",yes occasionally as communication gets better,,Low Frequency,,,,,,,,,,,,,,
669,91,True,6,Some of the time,"Satisfactory,Minecraft,Hollow Knight,Celeste,Deep Rock Galactic","I would say so, especially in games like Stardew Valley where your farming plot space is limited, and you must plan with your co-op members on where everything needs to go. The same goes for Satisfactory, a factory building game where if playing multiplayer, resource management and factory planning goes a long ways into making the game bearable.",,High Frequency,,,,,,,,,,,,,,
670,91,True,2,Some of the time,"Halo,Chivalry,Dishonored 2,Half Life Alyx,Detroit Become Human",Not sure I could say it does as I primarily play single player and narrative driven games.,,Low Frequency,,,,,,,,,,,,,,
671,91,True,4,Always,"Minecraft,Fortnite,Cult of the lamb,Animal crossing,Jackbox games",Gaming makes you a better team player because it make you understand the importance of communication being quick and timely,,High Frequency,,,,,,,,,,,,,,
672,91,True,2,Half of the time,"Minecraft,League of Legends,CS-GO,Escape from Tarkov,Overwatch","It does, especially the main game I play it is a very team oriented game. I was on the high school esports team and won a state championship in League of Legends. Playing as a team was the most important aspect of this.",,Low Frequency,,,,,,,,,,,,,,
673,92,True,3,Most of the time,"Counter-Strike 2,League of Legends,Valorant,War Thunder,Don't Starve Together","My gaming skills make me a better team player large part due to the games I play being multiplayer and team based. Games likes LoL and CS2 require a good amount of team communication, awareness and individual roles. While games like War thunder require slow paced teamplay and strategy, others such as Don't Starve Together require resource management and long term planning within a group setting.",,Low Frequency,,,,,,,,,,,,,,
674,92,True,3,Some of the time,"elden ring,warframe,sekiro,rust,destiny 2","Yes, as it gives me a chance to talk through problems or situations with others",,Low Frequency,,,,,,,,,,,,,,
675,92,True,3,Half of the time,"Legend of Zelda: BoTW & ToTK ,Call of Duty Mobile,Skyrim,,","Recently, I started playing Call of Duty with friends and I think it has helped me become a better team player. We all come together to try to win and sometimes we fall short of our goals. Some nights I feel off and feel as if I am not contributing/playing badly, and other nights my other friends feel the same way. Since we are working together as a team, I feel like patience is really important and communication regarding our strategy and positions helps us succeed more often than not. Listening and hearing each other out regarding what we should do next is also important. Even if I originally do not think that someone has a good idea, it may turn out to be a great one. But I would never have known if we didn't try.¬†",,Low Frequency,,,,,,,,,,,,,,
676,92,True,1,Never,"Avatar Frontier,Stars War Survivor,i just got into gaming,na,na",Communication makes you a better team player,,Low Frequency,,,,,,,,,,,,,,
677,92,True,7,Most of the time,"Overwatch,Minecraft,Escape from Tarkov,Civilization VI,GTA V","I like to think so. The very fundamental concept of games in teams is distributed problem solving. Taking a problem whether it is large or small and distributing solution finding or implementation is an incredibly important thing to know. It also greatly helps communication specifically through consistent leveling of progress, difficulty, and process.",,High Frequency,,,,,,,,,,,,,,
678,92,True,7,Always,"Counter Strike 2,Valorant,Spectre Divide,Red Dead Redemption 2,Minecraft","Absolutely. I'm actually a part of the CSU Competitive Esports Club as a club officer, and I play for CSU through sport clubs as well as in a female league for Valorant. If you're unfamiliar with the game, there's an incredible amount of coordination involved. You have to communicate your intentions and know what your teammates are going to do in order to succeed, and a lack of communication basically ensures the game is lost unless there are certain rare cases in which it somehow works (but it's generally a loss if your teammates don't talk because the information that that teammate holds is often crucial to understanding what's going on with what they are doing). The way to succeed is to coordinate in this game, and understanding what to do and how to do it and communicating with your teammates is absolutely crucial to your success and the success of your team.¬†",,High Frequency,,,,,,,,,,,,,,
679,93,True,3,Some of the time,"Rainbow Six Siege,Call Of Duty: Zombies,Counter Strike,,",Gaming in a team makes you a better team player when you effectively communicate with your team to achieve the objective.,,Low Frequency,,,,,,,,,,,,,,
680,93,True,0,Most of the time,"Fallout,Minecraft,Jackbox Games,Portal 2,Half-Life","My favorite games tend to be story-driven and singleplayer, so initially I would say that would detract from my abilities as a team player, but the games I actually end up playing the most are ones that I play with my friends. In those, I tend to fill whatever role needs filling. I think multiplayer gaming has made me a better team player because of how its goals lead everyone to work together through strategy and compromise.",,Low Frequency,,,,,,,,,,,,,,
681,93,True,5,Most of the time,"Rocket League,EAFC 24,Valorant,Fortnite,Minecraft","Yes, gaming does make you a better team player as in most games playing as a team rather than a group of individuals is what tends to work better. Also, playing in a team helps teach you that each person in a team plays a specific role that is necessary for that team to succeed.",,High Frequency,,,,,,,,,,,,,,
682,93,True,1,Half of the time,"Super Smash Bros,Mario Kart,League of Legends,Minecraft,Heroes of Might and Magic 3","Gaming teaches communication within a team, reliance on others, importance of a leader/shot caller and allows you the opportunity to teach others and be taught by them to improve at the game.",,Low Frequency,,,,,,,,,,,,,,
683,93,True,2,Some of the time,"Minecraft,Binding of Isaac,Elden Ring,Super Smash Bros,Megaman X","My gaming experience certainly makes me a better team player. I tend to sway towards single player adventures but I do play my fair share of cooperative games. Playing games such as Rainbow Six Siege and Minecraft where cooperation is key, I find I am able to navigate being both a leader and a follower when appropriate.",,Low Frequency,,,,,,,,,,,,,,
684,93,True,7,Always,"Valorant,League of Legends,Overwatch,Among Us,Fortnite","I believe always playing as a team in games exposes me to different personalities and teaches me how to work with others that think differently than me. Meeting a middle ground to strategize how to execute a gameplay helps me develop teamworking skills which I also apply to my real life situations (e.g. internships, group projects, undergraduate research).",,High Frequency,,,,,,,,,,,,,,
685,93,True,7,Most of the time,"Overwatch,Valorant,CSGO,R6,WOW","I believe it does, since I feel like I am better at communication after playing these types of competitive games often.",,High Frequency,,,,,,,,,,,,,,
686,93,True,3,Never,"Elden Ring,Mario Kart,Monster Hunter,Sekiro,Pokemon","Probably not, I usually play single player games or more arcade-y competitive games.¬†",,Low Frequency,,,,,,,,,,,,,,
687,94,False,0,Never,"none,none,none,none,none",I wouldn't know,,Low Frequency,,,,,,,,,,,,,,
688,94,True,7,Always,",CS2,,,","I'd say maybe. I play on a semi-pro team and I play a support based role for my team. I don't know if that really translates as much as I would like to believe, but I do try to be as supportive as a person as I can be.",,High Frequency,,,,,,,,,,,,,,
689,95,True,7,Half of the time,"Lethal Company,Minecraft,Half-Life,Warframe,Halo","Probably, it is the main exposure I get with interacting as teams. For many games, the main way to progress personally is to help the team as a whole, thus making the team goals personal goals as well.",,High Frequency,,,,,,,,,,,,,,
690,95,False,0,Never,0,"Currently I don't play computer games, however, I did love playing Nintendo and Sega, etc. as a kid. Playing with others had lots of benefits because it increased communication skills and interpersonal skills.¬†",,Low Frequency,,,,,,,,,,,,,,
691,95,True,5,Some of the time,"ELDEN RING,Minecraft,Rainbow Six: Siege,Terraria,Dead by Daylight","It may, as I have to have good communication and a team-centric mindset.",,High Frequency,,,,,,,,,,,,,,
692,95,True,6,Half of the time,"GTFO,Minecraft,PUBG,Factorio,ARK: Survival Evolved",My gaming does make me a better team player because I often play video games that encourage or require teamwork. Learning how to work with teams in a variety of games means that I learn how to work with teams in many different contexts. Communication and collaboration are things you need to learn to succeed in such games.,,High Frequency,,,,,,,,,,,,,,
693,95,True,7,Half of the time,"Overwatch 2,League of Legends,Valheim,Bloons TD 6,Roblox","Yes, gaming makes me a better team player by increasing my communication skills, ensures that I pull my own weight as part of a team, and lift others up if they are slacking. Gaming as a team has improved both my skills in each respective game, increasing my rank, and has improved my social deduction and willingness to work in teams.",,High Frequency,,,,,,,,,,,,,,
694,96,True,2,Most of the time,"Helldivers 2,Stardew Valley,Monster Hunter: World,Monster Hunter: Rise,League of Legends",I‚Äôm able to listen to directions as well as take more of a leadership role. I‚Äôm also able to prioritize goals well and keep a good attitude regardless of the situation.,,Low Frequency,,,,,,,,,,,,,,
695,96,True,2,Some of the time,"Deus Ex series,Elden Ring,Doom series,Cyberpunk 2077,Other single player games",I don't play much multiplayer games anymore. I used to play team based games a while back and found that precise communication and coordination was very important to beat the other team which is also true when collaborating with others.,,Low Frequency,,,,,,,,,,,,,,
696,96,True,1,Some of the time,"Skyrim,Peglin,Dungeon defenders,Terraria,Bloons Tower Defense 6","I used to game a lot more than I do now. Usually, I play solo, however in some games like BTD6, Terraria, and Dungeon Defenders I do have to work in a team to reach a common goal - usually defeating enemies or a boss. In these games, my team and I have to highlight our own strengths and utilize them to reach that goal. For example: in BTD6, you can choose ‚ÄúHeroes‚Äù which have special skills compared to the usual monkey towers. Usually, players will choose a different Hero, and the timing of / placement of these heroes is crucial. Communicating with team members is recommended for a successful run. Dungeon Defenders is another tower defense game with a similar structure, but instead of placing heroes / monkey towers, you are the hero. Each class has different towers, and part of the game is finding the best combination of towers to use against the enemies. Communication in this game is also crucial, seeing as you have a limit on how many towers can be placed. In Terraria, which is more of a sandbox game, there are many components (building, mining, boss fighting, exploring) that are key to defeating the final boss, and if you choose to play multiplayer, you can divide and conquer those tasks.¬†",,Low Frequency,,,,,,,,,,,,,,
697,96,True,2,Most of the time,"Valorant,Apex Legends,Elden Ring,Overwatch,Fortnite","Yes, team coordination is extremely important in most multiplayer games I play. Gaming in a team encourages team communication and facilitates synchronization. If one member of the party isn't doing their job, it can lead to the demise of the whole team. It also requires people to trust their teammates in crucial scenarios for success.¬†",,Low Frequency,,,,,,,,,,,,,,
698,96,True,7,Most of the time,"Helldivers 2,Marauders,Minecraft,Left 4 Dead 2,Steep","Yes, playing video games with a team absolutely makes you a better team player. For example, in both Helldivers 2 and Left 4 Dead 2, both games I have listed above, team play is a massive component of the game. If the team gets separated every player gets hindered so the best course of action is to stick together. Not only that but there are hordes of enemies so you must make sure you are covering your teammates backs, making sure no body falls behind. You must also give each other resources like a health pack to ensure an injured player stays alive. This translates into the real world really well. I am able to work with other people, making sure they aren't falling behind everyone else in the team and helping teammates by giving them resources they require to do their job.",,High Frequency,,,,,,,,,,,,,,
699,97,True,1,Some of the time,"RuneScape,Rocket League,Super Smash Bros.,Call Of Duty,N/A","No, I am only a casual gamer at this point in life due to time constraints so I will only seek out video games when I have free time/need to relax. I do enjoy it to catch up with friends that I don't see anymore.",,Low Frequency,,,,,,,,,,,,,,
700,97,True,5,Most of the time,"Rust,Rocket League,Overwatch,Fifa ,Rainbow 6 siege","It definitely does, especially if you play multiplayer games. If you're playing a solo game, there are still overlaps but I think the direct connections are far fewer. In competitive multiplayer games you have to work together to win, and all players have to be competent and motivated to win. You all play around each other's strengths and weaknesses to create an overall better team, if it means you personally get less kills, points or whatever it is your competing for.¬†",,High Frequency,,,,,,,,,,,,,,
701,97,True,1,Half of the time,"Madden,MLB The Show,Pokemon,Battle Front ||,Mine Craft","It does because when I'm gaming with others I always have to communicate with friends what I'm doing. Then as a team, we would use the skills that we excelled in. We would work on specialized tasks. Especially in Minecraft, one person was better at building than he would build. If another were good at mining he would mine. It would make the world that we play in a better overall world. It would make everything run better.",,Low Frequency,,,,,,,,,,,,,,
702,97,True,1,Always,"The finals,Battlefield,BattleBit,Squad,Arma 3","Yes, I believe playing multiplayer video games requires that the player develops concise communication skills to clearly share information with your teammates on the location of the opposite players and tactics on how to achieve a winning strategy in a fast pace environment. By playing such games it encourages collaboration, adaptability (quick thinking) and trust building among teammates to successfully tackle a common goal together.",,Low Frequency,,,,,,,,,,,,,,
703,98,True,4,Most of the time,"Stardew Valley,Valorant,Mario Kart,Super Smash Bros,Monster Hunter","My gaming makes me a better team player because in some of the games that I play, especially Valorant, communicating and playing around your teammates and coming up with team strategies/plans are integral to your ability to win.¬†",,High Frequency,,,,,,,,,,,,,,
704,98,True,7,Some of the time,"the isle,escape from tarkov,total warhammer 3,oxygen not included,",I think it definitely does as you are often playing with people that you do not know and you are frequently playing with a new team each game so you need to learn how to work with new people frequently which translates well to working with new people in work/school. You also have to often determine a sort of hierarchy each game by assessing your teammates skills and choosing when you may or may not need to lead/follow.¬†,,High Frequency,,,,,,,,,,,,,,
705,98,True,3,Some of the time,"NYT Crossword (does this count?),Call of Duty Modern Warfare III,Minecraft,The Finals,Battlefield V","I play games alone or only with my boyfriend for the most part, but when we play in a team, it definitely improves my ability to cooperate and strategize with others. I also love playing board games and interactive games like Jukebox, trivia, or chess with others - however I generally like games that are more competitive where it's everyone for themselves (or working in a small 2-3 person group). I generally think and strategize more clearly when I'm on my own or working with just one other person.¬†",,Low Frequency,,,,,,,,,,,,,,
706,98,True,6,Half of the time,"Clone Hero,Minecraft,Final Fantasy XIV Online,Fallout,Battlefield","I think that gaming does make me a better team player. In order to accomplish certain tasks in online games, we need to communicate with one another to get stuff done. So whenever I'm playing cooperative games (which is often) I am practicing communication with others in order to be more effective at the game.",,High Frequency,,,,,,,,,,,,,,
707,99,True,1,Some of the time,"BioShock,Civ 6,Far Cry 5,Mario Kart,Destiny 2","I used to game quite a bit more, not as much now. When I did game more, especially with people, we would have to work in a team to solve complicated puzzles or to fight particularly hard bosses (Destiny 2). This would require not only frequent but good communication for each person to do their part in completing the goal/stage. We also had to understand what each persons abilities were with their character, how that would be best put to use, each persons load-out for different types of bosses, etc. Mostly just avoiding poor planning so we could execute.",,Low Frequency,,,,,,,,,,,,,,
708,99,True,3,Never,"Cyberpunk 2077,Red Dead Redemption 2,Ghost Recon: Wildlands,Assasin's Creed Unity,Elden Ring","If gaming in a multiplayer game, then yes. Since it would force me to cooperate and coordinate with my teammates.",,Low Frequency,,,,,,,,,,,,,,
709,99,True,4,Some of the time,"Magic Arena,Darktide,Elden Ring,,","Yes, gaming makes me a better team player. Darktide is a coop shooter consisiting of 4 players in total working together to complete missions. Sharing resources, communicating and working toward a common goal all contribute toward a better score in the game.",,High Frequency,,,,,,,,,,,,,,
710,99,True,2,Always,"Elden Ring,Escape from Tarkov,NBA 2k,Cyberpunk,Resident Evil",I guess so. Fun bonding time,,Low Frequency,,,,,,,,,,,,,,
711,99,True,0,Most of the time,"BattleField 1,Hell Let Loose,Bonelab VR,It Takes Two,Forza Horizon 4","Yes, over the years I believe it has helped me to identify situations in which a team member is more¬†knowledgeable and or can handle the issue more effectively. I think that being able to recognize these situations is crucial for the long term success of a team as it allows for everyone to play off of each others strengths.",,Low Frequency,,,,,,,,,,,,,,
712,100,True,7,Half of the time,"Satisfactory,Escape From Tarkov,Ready Or Not ,Helldivers,Dungeonborne",I believe it has a little. although I am not sure how much sense I have not had much team work in the past but it has gone well. gaming has seamed to help me plan out what we are going to do/what i should do to help.¬†,,High Frequency,,,,,,,,,,,,,,
713,100,True,4,Some of the time,"Elder Scrolls Online,Baldur's Gate 3,Diablo,Divinity II,Mario Kart 8",Gaming has definitely made me a better team player. It has taught me to be patient with others who may need time figuring out a game mechanic. It has also humbled me and helped me grow by giving me the opportunity to play with other gamers who's skills far exceed mine!,,High Frequency,,,,,,,,,,,,,,
714,100,True,4,Half of the time,"overwatch 2,league of legends,baulders gate 3,Call of duty,tekken 8",yes it does because communication is key in online games so having to communicate through text/voice is essential and makes me a better team player because we are working on a project with at least 1 person who will not be attending class in person so text/voice communication is essential so that everyone is in the loop.,,High Frequency,,,,,,,,,,,,,,
715,100,True,5,Some of the time,"Destiny 2,Call of Duty,RuneScape,Rainbow Six: Siege,Valorant","I would like to say yes, but I do not think it does because I haven't often had people I consistently play with. However, the time I did play with the same people/person consistently, it was more enjoyable and we were more successful. I suppose that even though I do not have a ton of experience playing games with a team, I can see the benefits of it and how working on a project in a team could share the same possible benefits and detriments.",,High Frequency,,,,,,,,,,,,,,
716,101,True,4,Half of the time,"Arma Reforfger,DayZ,Hell Let Loose,Medieval Dynasty,Dwarf Fortress","Yes. I think a large portion of the games that I play practically require communication and coordination with others to be successful, so I would say multiplayer gaming has enhanced my teamwork/leadership skills over the course of my life.

DayZ, which can be a very lonely game in most cases, is often played in role-playing servers. Since the game is only a sandbox, the mission and situation is player-defined, and usually involves being a part of a discord server where zones, factions, and rules are defined. This game can involve days or week long battles, where you are communicating with a team in-game or over a notional radio discord channel, gathering resources, building defenses, and planning attacks.

Games like Hell Let Loose and Arma Reforger are military simulation games, often where there are two sides competing to occupy and control cities, set up communications, set up supply routes, and coordinate attacks to win the game. Much more team-oriented than Call of Duty, these games have unit structure with chain-of-command and unit leaders, and practically require a microphone to be successful. Almost all roles in these games are played by a real human, and they must communicate with their squads and platoons to achieve tasks given by unit leaders.",,High Frequency,,,,,,,,,,,,,,
717,101,True,1,Some of the time,"Chants of Sennar ,A Little to the Left,Minecraft,Rainbow Six Siege,Little Nightmares","Kind of, I choose to do more puzzle based games which improves on my problem solving skills. However, I do feel like my teamwork skills and communication could be better.",,Low Frequency,,,,,,,,,,,,,,
718,80,True,6.0,Half of the time,,"Maybe. Better communication, communication clarity, collaborative planning.",,High Frequency,,,,,,,,,"Synthetik: Ultimate,Hunt: Showdown,Minecraft,Escape From Tarkov,Cataclysm: DDA",,,,,
719,84,True,3.0,Some of the time,,I believe it does! It's good practice to combine individual skills and strengths to complete a shared goal and allows for better communication while working together.¬†,,Low Frequency,,,,,,,,,"Animal Crossing,Stardew Valley,Mario Kart,Legend of Zelda (ANY AND ALL),Literally any Nintendo game",,,,,
720,77,True,7.0,Half of the time,,"Yes and no. I mostly play team games- as you can see in my list. But said games tend to be toxic environs. Self reliance is needed, and teamplay is extremely good- but never to be expected.

I am capable of being quite the team player, if I meaningfully reach a desired goal through it.",,High Frequency,,,,,,,,,"Deep Rock Galactic,Helldivers 2,Marvel Rivals,Caves of Qud,League of Legends",,,,,
721,81,True,6.0,Half of the time,,Helps with my communication and conflict management. I also find it helps me control my emotions. It also helps me channel my passion and stuff into the game.¬†,,High Frequency,,,,,,,,,"Terraria,Minecraft,Marvel Rivals,Overwatch,Risk of Rain 2",,,,,
722,89,True,2.0,Some of the time,,"Yes, because I have lots of experience gaming with friends, where we have learned through trial and error that communicating effectively and planning well lead to greater success. I have¬† also found the most success when we are all having a good time, and are getting along well together.",,Low Frequency,,,,,,,,,"Minecraft,Fortnite,Rocket League,Call of Duty,Ark Survival Evolved",,,,,
723,90,True,0.0,Always,,"I am pretty good at being a team player, because I know how to work together with my teammates to win, and I feel like I am quite strategic and can explain the process to my teammates well.",,Low Frequency,,,,,,,,,"Rainbow Six,Smite,Escape From Tarkov,-,-",,,,,
724,72,True,4.0,Some of the time,,"I do think that is has made me a better team player, since especially in competitive games communicating with your team will help massively in winning since your better able to coordinate what your doing which definitely gives you an edge over people who aren't communicating as regularly. Because of that, I think gaming has given my the chance to practice a lot of teamwork skills such as relaying information in a timely manner to others and working as part of a group to achieve a common goal. I also think its made me better at communicating online in general, as now on zoom, or google meets I'm a lot more comfortable talking to other people as opposed to a few years ago where I found it far more awkward compared to in person.",,High Frequency,,,,,,,,,"Balatro,Bloodborne,Metal gear Solid 2,Fortnite,Metal Gear Solid V",,,,,
725,88,True,4.0,Some of the time,,"I don't usually play multiplayer games, but the few times I have there is a lot of importance in doing your part to help in a team, like in Marvel Rivals or Call of Duty. Otherwise, everything falls apart.",,High Frequency,,,,,,,,,"Civilization 5,Just Cause 3,Red Dead Redemption 2,Five Nights at Freddy's (series),HITMAN 3",,,,,
726,78,True,5.0,Half of the time,,"I believe it does, it encourages trying different strategies that work for the entire team. Additionally, it motivates players to play roles to their strengths and assist each other with their weaknesses since everyone is working towards a common goal.",,High Frequency,,,,,,,,,"Fortnite,Far Cry 6,Civilizations IV,Helldivers 2,Balatro",,,,,
727,88,True,7.0,Some of the time,,"Sometimes, however I rarely play with people I can communicate with, so there's only so much I can do to be a good teammate besides playing well",,High Frequency,,,,,,,,,"Stardew Valley,Minecraft,Animal Crossing,Hades,Splatoon",,,,,
728,95,False,1.0,Some of the time,,"Yes, gaming helps me become a better team player. Whenever I play a team-based game like Call of Duty Mobile, I‚Äôm more likely to stay engaged until the end and achieve victory without being eliminated midway.",,Low Frequency,,,,,,,,,"GTA 5,Ghost of tsushima,Call of Duty Mobile,Need for speed,GTA San Andreas",,,,,
729,73,True,3.0,Some of the time,,Allows me to assess the needs of the team and step into fulfill that role if I am able.,,Low Frequency,,,,,,,,,"Warframe,Marvel Rivals,,,",,,,,
730,92,True,1.0,Most of the time,,"In Age of Empires, real time team coordination is of the upmost importance. The usual people I play with and myself have become very good at syncing our strategies together. I would say my communication skills have become pretty decent just off the experience I've had playing.",,Low Frequency,,,,,,,,,"Valorant,Age of Empires,Marvel Rivals,Factorio,",,,,,
731,83,True,4.0,Always,,I believe that playing video games makes me a better team player. This is because I am constantly learning how to play a specific role for my team and how I can assist my teammates to reach a goal.,,High Frequency,,,,,,,,,"CSGO,Valorant,CFB 25,Fortnite,R6",,,,,
732,89,True,3.0,Some of the time,,"Team Fortress 2 and Rainbow 6 both directly contribute to my ability to work in a team, as they are team based games where clear communication and organization are essential to success. Factorio applies specifically to working in software as many of the same principles apply regarding architecture, scalability, and etc...",,Low Frequency,,,,,,,,,"War Thunder,Factorio,Team Fortress 2,Rainbow 6 Siege,Hollow Knight",,,,,
733,98,True,3.0,Never,,"I don't think it goes either way for me, helpful or not, because it is a secondary thing I do more as stress relief or part of a routine. So, I suppose in those ways you could say it's grounding",,Low Frequency,,,,,,,,,"Factorio,Pokemon,The Sims,Hades,Minecraft",,,,,
734,93,True,3.0,Some of the time,,Yes always!!! It's always more fun too. when you are on your own you just have your talent set. When you have a team you fill in each others blanks. You are all diverse and have different strengths that can shore up any weakness. No one is perfect or all powerful so the more people you have the stronger you become. You can also approach things/enemies from multiple angles which is a massive asset.¬† Not to mention there are much better inside jokes when you're well inside the group.¬†,,Low Frequency,,,,,,,,,"Cult of the Lamb,Baludr's Gate,World of Warcraft,Zelda,not a video game but D and D",,,,,
735,84,True,1.0,Most of the time,,"It does make me a better team player because I mostly play tactical, team-based games like Counter-Strike.",,Low Frequency,,,,,,,,,"CS2,CS:GO,Minecraft,Valorant,Rainbow Six: Siege",,,,,
736,84,True,7.0,Never,,"Yes. Being able to effectively communicate and strategize with a team are very relevant skills in my life that I think I've largely grown through gaming. They allow smooth, swift communication with others and help me to be efficient when working with others.",,High Frequency,,,,,,,,,"Helldivers 2,Super Smash Bros,Stardew Valley,Windblown,Splatoon",,,,,
737,86,True,3.0,Some of the time,,Somewhat I think it helps with communication. I liked to think it helps with working on something with someone and collaborating with the skills that we are good at.¬†,,Low Frequency,,,,,,,,,"Horror,RPG,Fighting,Adventure,Sports",,,,,
738,86,True,3.0,Some of the time,,"I want to think so since it promotes communication, planning strategy, and coordination with others. It also has shown me that people work better together especially when they have each others backs.",,Low Frequency,,,,,,,,,"Multiplayer Horror Games (Phasmophobia),Minecraft,College Football 25,RDR2,Roblox",,,,,
739,92,False,0.0,Never,,"Not the way I do it.

If i was in a team it makes dividing an conquering easier.",,Low Frequency,,,,,,,,,"Nascar 15,Minecraft,Borderlands,Call of duty,super Mario Bros",,,,,
740,90,True,3.0,Most of the time,,"Yes, many of the games I play are very dependant on being a team player and working together, especially destiny two as raids have to be done together.",,Low Frequency,,,,,,,,,"Marvel Rivals ,Bladurs Gate,Destiny 2,NCAA 25,Skate 3",,,,,
741,74,True,3.0,Half of the time,,Some aspects of gaming does translate well into being a better team player. This is due to the fact that a lot of games rely on people to work together as a team since it is always harder to do the work all by your self. This allows people to open up to the idea of teamwork in order to be more efficient and make it easier on themselves.,,Low Frequency,,,,,,,,,"Stardew Valley,Rocket League,Valorant,Valheim,Dead by Daylight",,,,,
742,88,True,1.0,Most of the time,,"I think that gaming in some way did make me a team player. I'm the worst at video games compared to the friends I play with, so I usually take up the role of supporting others. I'm aware of my limitations so I do my best to help others thrive instead. This translates to real life, where I would have job supervisors who I was responsible in making their job easier as best I can.",,Low Frequency,,,,,,,,,"Fortnite,Minecraft,Roblox,Marvel Rivals,Free games",,,,,
743,20,True,2.0,Most of the time,,"No, it may make me better as a team player in video games specifically, but I do not think that necessarily translates to real life.",,Low Frequency,,,,,,,,,"The Finals,Apex Legends,Marvel Rivals,Fifa,Chess",,,,,
744,94,True,1.0,Some of the time,,"Yes, since you understand what roles to play and don't have to focus on every aspect of the game - just the part you're good at.",,Low Frequency,,,,,,,,,"Warzone,Rocket League,Fortnite,Minecraft,Moral Kombat",,,,,
745,75,True,7.0,Some of the time,,"In my experience, people who play competitive team games (CS:GO, LoL, Valorant, etc) become jaded and distrustful of their team members unless they are already friends. I have, however, learned the importance of teamwork from these games. I will, of course, do my best to be a great team player during this class.",,High Frequency,,,,,,,,,"League of Legends,Minecraft,Valorant,Project Zomboid,Valheim",,,,,
746,83,True,4.0,Most of the time,,"I think it does. Typically in any survival game I play with my friends, we tend to all have our own specific tasks to build the base. I typically am a gatherer/builder for instance, acquiring resources and providing facilities to craft and make the most powerful items, Doesn't mean I never go fight and use the items I built, but this tends to be my main role. It plays to my strengths, and so I tend to perform better in these fields than my friends. Now, we don't always work together. Sometimes my resources I was gathering for something specific is used up for someone else to make their own tools. This usually occurs due to lack of communication. So, while my toes may have been stepped on, we then work together to help with each task, so in a way it all works out. To summarize, I think my gaming experience has made me capable of performing in a team environment, but there is always room for improvement",,High Frequency,,,,,,,,,"World of Warcraft,Stellaris,Palworld,Dragon Age: Veilguard,Phasmophobia",,,,,
747,32,True,2.0,Always,,"Yes, gaming creates a better communication with other players by determining strategies and working together to achieve a goal.",,Low Frequency,,,,,,,,,"Valorant,Fortnite,Clash Royale,Black Ops ,Overwatch",,,,,
748,72,True,5.0,Most of the time,,"I believe my gaming makes me a better team player. For example, playing Rivals or Overwatch there are 6 players on each team with different roles such as a tank, damage, or support. The characters you choose are a big part of the game since all these roles create a sense of balance. Not to mention when actually playing the game you must know where your team is wether they are alive or if your team is pushing in to fight. You have to be coordinated with your attacks to avoid being singled out by the other team as well as be aware of your position in the battle field. Not only visualizing but communicating these actions helps the team be both offensively and defensively dominant.",,High Frequency,,,,,,,,,"Overwatch,Marvel Rivals,God of War,Ghost of Tsushima,fifa",,,,,
749,83,True,4.0,Most of the time,,I believe gaming does make me a better team player because gaming requires you to cooperate with your teammates for a collective goal. It also makes me a better team player because it also requires communication and strategy.,,High Frequency,,,,,,,,,"Minecraft,Factorio,League of Legends,Helldivers 2,Stardew Valley",,,,,
750,81,True,4.0,Most of the time,,"I think that it does, since it forces me to communicate and cooperate with other people. We are all doing different things but working towards the same goal.",,High Frequency,,,,,,,,,"Space Marine 2,Destiny 2,Rocket League,Rainbow 6: Siege,Baldur's Gate 3",,,,,
751,85,True,7.0,Half of the time,,"Well when playing competitive multiplayer games, effective communication between you and your teammates gives a major advantage if your opposing team doesn't have the same communication. Additionally, it allows you to execute strategies that you might not be able to do without teammates.",,High Frequency,,,,,,,,,"Hearts Of Iron IV,Imperator: Rome,Crusader Kings III,Halo: The Master Chief Collection,Counter-Strike 2",,,,,
752,89,True,3.0,Half of the time,,"It does, It helps with communication and expressing ideas. Especially with games like overwatch. There's often a team lead who defines overall strategies; Working with teammates individually on how to synergize plays a localized role for specific situations and objectives.¬†",,Low Frequency,,,,,,,,,"Call of Duty,Overwatch,Stardew Valley,Terraria,Factorio",,,,,
753,98,True,3.0,Some of the time,,"Yes! When working in teams and delegating roles, it is important to discuss and consider the strong suits and weaknesses of other players; in Minecraft, some people both prefer and are better at mining and combat, while others prefer and have an affinity to build and create. From playing with others, I have learned that it is most productive to be honest and upfront about my own abilities, and that often encourages my teammates to do the same.¬†",,Low Frequency,,,,,,,,,"Minecraft,The Legend of Zelda,Genshin Impact,Stardew Valley,Mario Kart",,,,,
754,85,True,7.0,Most of the time,,"Gaming has helped me recognize how my role fits into a team environment. It has also taught me communication skills with others. While my team has the same goal overall, how we accomplish that is different. Gaming has also given me better understanding of my team members and why they may make the decisions they do.",,High Frequency,,,,,,,,,"World of warcraft,League of legends,Minecraft,Counter Strike,Rainbow six",,,,,
755,84,True,5.0,Half of the time,,"I would say so, both in the competitive games and the survival/sandbox games teamwork plays a big role. it is very different kind of teamwork in the different types of games. splitting up tasks to do in the survival games is very help full, and in the competitive games, all focusing on the same goal or player helps too.",,High Frequency,,,,,,,,,"Heros of hammerwatch 2,Marvel rivals,Terraria,The Finals,satisfactory",,,,,
756,81,True,6.0,Always,,I believe gaming did help me improve my communication skills and in general a better team player. I say this because I play with people I've never met in person all the time daily. Despite us not knowing each other all that well. We are able to build team chemistry in order to find a way to play the game that works for us and helps us be successful. So whether it is me or someone else on the team. We often find ourselves stepping up when we need to (while also improving on your own time). Also compromising when we need to. Sometimes we want to make the hero play to show our great skills but at times we are blind to how that's negatively effecting our team. I like to keep a philosophy of balance between the two when it comes to the game and life in general.,,High Frequency,,,,,,,,,"Rocket Leauge,Call of Duty (competitve)),Rainbow 6 Siege,Valorant,Marvel Rivals",,,,,
757,95,True,3.0,Some of the time,,"Yes - in Pokemon you can do ""group raids"" where the team has to have a strategy, each member usually having a different role. This helps with teamwork because I can learn that it uses a different strategy than when working alone.",,Low Frequency,,,,,,,,,"Pokemon Scarlet,Stardew Valley,Animal Crossing,,",,,,,
758,83,True,7.0,Most of the time,,I believe it does because I have learned how to critique others without being mean and annoying. I have also learned how to navigate a team to work together.,,High Frequency,,,,,,,,,"Rainbow Six Siege,league of legends,Team Fight Tactics,Dark and Darker,Assassins Creed",,,,,
759,87,True,7.0,Most of the time,,"In a sense, it‚Äôs helped me a lot with confrontation and emotional regulation. League of Legends gets a lot of emotions going, so when I get unreasonably angry at my teammates I can always take a step back and analyze the situation and try to come up with solutions. Of course, they never follow my calls and end up calling me some sort of slur or bad word but I believe it‚Äôs the thought that counts. I also don‚Äôt mind backtracking in Path of Exile 2 in order to help my guild members get past places where they might be struggling, and I enjoy sharing what I‚Äôve learned about the game with them.",,High Frequency,,,,,,,,,"Teamfight Tactics,Path of Exile 2,League of Legends,Warcraft III,Minecraft",,,,,
760,82,True,6.0,Half of the time,,"In some games yes, most team games are designed to be played, well, as a team. And so attempting to go it alone or without at least a plan with your team members usually ends poorly.",,High Frequency,,,,,,,,,"World of Warcraft,Rust,Overwatch,Heroes of the Storm,Any Dark Souls Game",,,,,
761,85,True,2.0,Most of the time,,"I believe a lot of team games require effective communication throughout the entire game in order to win. This can be translated to a lot of team building aspects where communication is key in achieving the same end goal. Due to this, I believe gaming makes me a better team player.¬†",,Low Frequency,,,,,,,,,"Fortnite ,Apex ,Marvel Rivals ,Assassins Creed,",,,,,
762,80,True,1.0,Most of the time,,"Yes, learning to effectively communicate",,Low Frequency,,,,,,,,,"Minecraft,Counter strike,Baldurs gate,Pavlov,",,,,,
763,28,True,7.0,Some of the time,,it depends on the game because some although may be a team game it can cause more tension between players than helping while others encourage positive team play like the game journey,,High Frequency,,,,,,,,,"roblox,minecraft,stardew valley,hollow knight,a hat in time",,,,,
764,72,True,7.0,Most of the time,,"Yes, it makes you understand the value of teams and what team efforts look like.",,High Frequency,,,,,,,,,"Escape from Tarkov,Valorant,Minecraft,,",,,,,
765,88,True,4.0,Half of the time,,"I think gaming has overall made me a better team player, but not entirely. When I play games, I play for fun, rather than to work as a well oiled machine (Though I have previously) a little bit of chaos can cause a good laugh even if it derails the team a little. But I find that gaming as a team has improved my communication skills, my aptitude for unique problem solving, as well as conflict prevention (Sometimes it's okay to step away for a while, I'd rather be down a teammate for the evening, so a teammate can decompress and take a step back for perspective,¬† than deal with someone who can't manage their emotions and thinks that the best way to solve a problem is to crash into it until they have a eureka moment, as that just brings the team down). Essentially, gaming as a team has helped me be able to make sure that everyone on a team is equipped, ready, and wanting to be there, including myself.",,High Frequency,,,,,,,,,"Halo,Baldur's Gate 3,Doom Eternal,Warhammer 40\,000: Space Marine 2,Minecraft",,,,,
766,86,True,5.0,Most of the time,,"Oh certainly, especially when it comes to playing ARK. ARK is a game of tribes that work together to build bases and conquer servers by raiding other tribes. It is highly competitive and I used to play a lot with my friends. These days I find myself playing alone as they don't like the newer version of the game that was released. Honestly, I don't blame them. This game is absolutely terrible compared to the original. With this new adaptation, I find myself struggling in many aspects. Currently, I am playing on servers that allow tribes of 6 and I am alone and although I am still efficient, I am realizing how much MORE efficient I could be if I had my tribemates playing with me. Everything is ten times harder when playing alone and having this realization allows me to understand the value of teamwork. Together we can accomplish seemingly anything and at much higher efficiency. Alone, I feel limited and slow.",,High Frequency,,,,,,,,,"ARK Survival Evolved ,ARK Survival Ascended,Black Ops 2 Zombies,Rocket League,Other Call Of Duties",,,,,
767,81,True,5.0,Half of the time,,"I learned to summarize much more quickly since I need to say what's going on as swiftly and precisely as possible so we don't get destroyed in Apex.

I learned to weigh risk to reward since I don't have to take every single fight, by looking at factors such as distance, if we are in a bad position such as low ground or open space, how close we are to other areas of interest (where other teams might most likely be) so we don't get ambushed",,High Frequency,,,,,,,,,"Ghost runner,Apex legends,Call of Duty,Black myth wukong,Ghost of Tsushima",,,,,
768,76,True,3.0,Half of the time,,"Yes, I think it helps with learning to use efficient communication.",,Low Frequency,,,,,,,,,"Fortnite,Counter Stike,Escape From Tarkov,Elden ring,Project Zomboid",,,,,
769,92,True,2.0,Most of the time,,"Yes, gaming has taught me how to listen to my team mate's needs, even when not specifically mentioned. I often am the person going back to revive other team mates as I feel a full team will be more successful.",,Low Frequency,,,,,,,,,"Fortnite,Rocket League,Stardew Valley,Plate Up!,Core Keeper",,,,,
770,46,True,2.0,Most of the time,,Yes. It makes me cooperate peacefully with others. It is the practise of enjoying working in a team.¬†,,Low Frequency,,,,,,,,,"Muck,Helldivers 2,Minecraft,Ultimate Chicken Horse,God of War Ragnarok",,,,,
771,33,True,5.0,Always,,"I think it does. Most of the time I play competitive team games, which has taught me a lot about working together. Its helped me realize the importance of good communication first and foremost, it can be frustrating when people refuse to communicate or result to arguing - which regardless of what you're working towards definitely hinders you getting there. It also has helped me learn that while it may not be better to avoid arguments, its good to get through them and remind yourself that you are all there for the same common goal and need to stick together.",,High Frequency,,,,,,,,,"Satisfactory,Deadlock,World of Warcraft,Chivalry 2,Counter Strike",,,,,
772,80,False,0.0,Some of the time,,I‚Äôve tried playing minecraft and it was a relief game¬†,,Low Frequency,,,,,,,,,",Minecraft,,,",,,,,
773,98,True,4.0,Never,,"Realistically, it probably doesn't. I pretty much only play single-player because one of the things I like about gaming is the ability to be in control of the experience. Mind you, I have ended up being pretty good at planning off of stuff like wikis (using the knowledge of other people to my advantage).",,High Frequency,,,,,,,,,"Monster Hunter,Crusader Kings 2,Pok√©mon,Planet Zoo,Fate/Grand Order",,,,,
774,75,True,6.0,Most of the time,,Yes because Ive learned over the years to collaborate and not give up or miscommunicate with my team in order to succeed in many games. Including GTA 5 missions where if one person messes up then the whole team has to restart.,,High Frequency,,,,,,,,,"Fortnite,Call of Duty,Gta 5,Spiderman 2,Marvel Rivals",,,,,
775,74,False,3.0,Some of the time,,Sure because you know your roles and what you're supposed to do.¬†,,Low Frequency,,,,,,,,,"Roblox,Sonic,Chess,Diep.io,",,,,,
776,81,True,6.0,Most of the time,,"Gaming in a team setting makes you a better team player because you learn to cooperate/work with other players with different skill sets, interests, and gaming styles to complete the same objective¬†",,High Frequency,,,,,,,,,"Rocket league,Marvel Rivals,Cyberpunk 2077,Fortnite,Elden Ring",,,,,
777,87,True,4.0,Some of the time,,I primarily stick with single player experiences. I've never played a video game with anyone who isn't my sibling.,,High Frequency,,,,,,,,,"Tomadachi Life,Sonic the Hedgehog 3,Mario Kart 7,Wii Sports Resort,Garry's Mod",,,,,
778,85,True,5.0,Some of the time,,I think it helps with communication; it also helps with being able to work through issues or struggles in a productive manner.,,High Frequency,,,,,,,,,"Rainbow Six Siege,NBA 2k,Valorant,Escape from Tarkov,N/A",,,,,
779,86,True,1.0,Half of the time,,I would say gaming has improved my ability to communicate clearly. A lot of times you have to be able to explain something in a game through a mic. You have to be able to articulate yourself well enough to accurately convey your ideas because you lack that physical aspect of the conversation. You are not able to use hand expressions or read facial expressions so you need to take a little more in the way you use your words.¬†,,Low Frequency,,,,,,,,,"Destiny 2,Call of Duty,Madden,ARK,GTA",,,,,
780,86,True,7.0,Some of the time,,"I usually cannot stand playing on teams because nobody online is willing to compromise or listen and it becomes a pissing match. I have always worked best alone and will likely attempt to continue to do that, because if I'm good enough to do it on my own I don't think I should have to carry others.",,High Frequency,,,,,,,,,"World of Warships,Titanfall 2,Helldivers 2,Assetto Corsa,Mirror's Edge",,,,,
781,94,True,7.0,Half of the time,,"I think gaming does make you a better team player if you are actively putting effort into the team. If you are playing on a team but you do not assist your teammates or make decisions based on the teams benefit, then I do not think you will become a better team player. However, if you are actively contributing to the team I think it can greatly increase teamwork skills.",,High Frequency,,,,,,,,,"Terraria,Rainbow Six Siege,Warframe,Fallout 4,Fortnite",,,,,
782,75,True,5.0,Half of the time,,Yes it does because you can learn how to communicate with your teammates you can play around your team there are certain strength that you can bring that might be someone else's weakness and vise-versa. the longer you play with the same team the more chemistry everyone ha with each other.,,High Frequency,,,,,,,,,"college football 25 ,nbc 2k25,call of duty ,madden 25 ,Fortnite",,,,,
783,96,True,4.0,Always,,"Since playing in a team, I‚Äôve learned more patience and confidence. Everybody on my team has their strengths and weaknesses, and so patience is a key. It taught me these things and made me a better team player because I am more involved.¬†",,High Frequency,,,,,,,,,",Sea of thieves,,,",,,,,
784,37,True,4.0,Most of the time,,"i think so, goes a long way in terms of being able to effectively communicate in a timely manner",,High Frequency,,,,,,,,,"league,cod,fortnite,apex,marvel legends",,,,,
785,98,True,6.0,Half of the time,,"Yes it does. Being able to adapt depending on who I'm playing with based on their skills and personalities. For example, if my teammate and I prefer playing with the same character, but I am also skillful with at least one other character while my teammate isn't, then I'll select that other character in order to keep my teammate comfortable. This also allows us to not compromise the strength of the team. The key is figuring out our chemistry and what makes us strong as a team.",,High Frequency,,,,,,,,,"The Finals,Single-player games,Fortnite,Super Smash Bros.,Fall Guys",,,,,
786,90,True,5.0,Some of the time,,There are many games that I play that completely rely on working in a team. I would say this requirement to communicate and strategize with a group of people definitely translates to the real world.,,High Frequency,,,,,,,,,"Rainbow six siege,Red Dead Redemtion,Call of Duty,Darkest Dungeon,Dark souls",,,,,
787,86,True,5.0,Most of the time,,"I feel like it does. It promotes clear and concise thought and communication. Two very valuable skills to have when working in a team.

Gaming also forces teamwork with people that have different approaches to problem solving.",,High Frequency,,,,,,,,,"Marvel Rivals,Rocket League,Counter Strike 2,League of Legends,BeamNG Drive",,,,,
788,88,False,0.0,Never,,"N/A, see question 1",,Low Frequency,,,,,,,,,"Pokemon,Pokemon,Pokemon,Pokemon,Pokemon",,,,,
789,83,True,2.0,Some of the time,,I believe so as it has taught me to communicate and work as a team along side my military and fire service careers,,Low Frequency,,,,,,,,,"Elden RIng,Helldivers 2,Space Marine 2,Armoured Core ,Total War Warhammer 3",,,,,
790,78,True,2.0,Never,,"I don't really play multiplayer games anymore, however when I did play PVP first-person shooter games, each member had their own role. We all needed to work together and leverage our different strengths in order to succeed and not die.¬†",,Low Frequency,,,,,,,,,"Stardew Valley,Europa Universalis IV,Stellaris,Cities Skylines,Kenshi",,,,,
791,25,True,6.0,Most of the time,,"I believe it does, it helps with communication. I feel I can express myself in a higher manner when communicating with teammates in a competitive setting.",,High Frequency,,,,,,,,,"Fortnite,Marvel RIvals,Valorant,Helldivers,Animal Crossing",,,,,
792,89,True,3.0,Half of the time,,"I think it does, it makes me more patient when teaching and also communicating with other people.",,Low Frequency,,,,,,,,,"Marvel Rivals,Valorant,,,",,,,,
793,76,True,1.0,Some of the time,,Yes it does make you a better team player as working in a team in a game emulates a real life experience where people have specific roles to take care of. This can make you a better team player because you understand the importance of teamwork.¬†,,Low Frequency,,,,,,,,,"GTA 5,COD bo6,Chess,steep,nba 2k",,,,,
794,78,True,2.0,Most of the time,,"It does. When I was a true gamer, during covid, I would play a lot of counter strike and that is a game that requires a lot of teamwork. Where if the team isn't working together then you will not the win the game, most of the time. Sometimes players have insane games where they can put the team on their back but that doesn't happen often. I've found that the more I supported the team the more we would win. So I have tried to apply that to real life more, where I try and fill a necessary role that will help the team. If that is doing the grunt work that the rest of the team doesn't want to do or a leadership position. I am willing to step into whatever roles are thrust on me and I think that comes from the experience as a gamer.¬†",,Low Frequency,,,,,,,,,"The Finals,Counter Strike,Black ops 2,gang beasts,stick fight",,,,,
795,92,True,4.0,Some of the time,,"Gaming helps with awareness of situation or circumstance. For example, in games with imminent danger or threats, I am watching my teammates' back aside from just mine, and they do the same to me as a result.",,High Frequency,,,,,,,,,"Helldivers 2,Elden Ring,Doom Eternal,Star Wars Battlefront II,Halo (all)",,,,,
796,87,True,6.0,Half of the time,,"I don't think that my gaming necessarily makes me a better team player, since I'm just playing with friends and the ultimate goal is having a fun time and laughing rather than reaching some finish line. Although, I do keep the teams well being in mind, and if there is something easy I can do to better the team, I do it.¬†",,High Frequency,,,,,,,,,"GTA V,Path of Exile 2,Left for Dead 2,Fortnite,UNO - Steam",,,,,
797,85,True,3.0,Always,,This is debatable but it does as working together in teams usually results in better results rather than arguing within a team. I have the skills to work with a team and improve our chances of success¬†,,Low Frequency,,,,,,,,,"Call Of Duty Bo6,OuterWorlds,Rainbow Six,Elden RIng,Mortal Kombat",,,,,
798,90,True,4.0,Half of the time,,"Gaming definitely makes me a better team player. For example, in a game like Fortnite, I can decide to hold certain items in my inventory that benefit the whole team rather than just myself. I also can decide to give up some of my own items that I know my teammates need. In addition, gaming also helps with communication and teamwork. There have been many times where my team and I will spend time discussing a strategy to win the game.",,High Frequency,,,,,,,,,"Tetris 99,Fortnite,Rocket League,Super Smash Brothers,The Legend of Zelda",,,,,
799,73,True,6.0,Most of the time,,"Gaming absolutely makes you a better team player. When you game with others you objectives remains the same and everyone wants to get better at games so you begin to learn strategies to win more games. For NBA 2k especially you are one player on a court of 10 people and you wont always be touching the ball. We play in the Rec so its 5v5 basketball and if you don't work well with your teammates the lanes get clogged so its hard to score and teams figure you out so you get doubled and sometimes triple teamed quickly if you ball hog. In order to win and have fun you must work with others, communicate and sacrifice other things to enjoy the experience otherwise the game feels unplayable. For other games on my list like COD or Fortnite you could play solo however I have reached the point where having a good game isn't as fun as working in a team with friends to complete the objective.¬†",,High Frequency,,,,,,,,,"COD BO6,NBA 2k,Fortnite,Far Cry 6/New Dawn,GTA V",,,,,
800,57,True,2.0,Never,,"My gaming is rarely if ever team-based, with the possible exception of trying to come up with optimal routes to defeat bosses quickly in games like Hollow Knight. Given this, I don't think my gaming contributes to my preparedness for team projects.",,Low Frequency,,,,,,,,,"Zelda: tok,Hollow Knight,9 sols,metroid prime,mario odessey",,,,,
801,85,True,4.0,Most of the time,,Yes. Working as a team helps you better your chances of winning then going solo.,,High Frequency,,,,,,,,,"call of duty,league of legends,red dead redemption,sims 4,sim city",,,,,
802,94,True,7.0,Most of the time,,"Yea, it helps me learn how to communicate shortly and effectively. It has helped me be able to get rid of unneeded information and tell what is needed to be known shortly but precisely.¬†",,High Frequency,,,,,,,,,"EAFC,League of Legends,GTA 5,Valorant,Teamfight Tactics",,,,,
803,84,True,6.0,Half of the time,,"I think it does. It teaches you how to cooperate with others well, and how to communicate effectively.",,High Frequency,,,,,,,,,"Valorant,Ghost of Tsushima,SSBM,Fortnite,Minecraft",,,,,
804,88,True,7.0,Some of the time,,"I think it certainly can do so. It certainly teaches how to communicate information quickly, and how to manage how much communication is necessary.",,High Frequency,,,,,,,,,"Beastieball,Total War: Warhammer 3,Warno,Rain World,Witcher 3",,,,,
805,87,True,5.0,Most of the time,,I think its obvious when a group isn't working together vs when they are. I think it makes you more used to working together especially when you enjoy what you're working towards. It will make you all more coordinated and get better faster.¬†¬†,,High Frequency,,,,,,,,,"Fortnite,Call of Duty,,,",,,,,
806,89,True,1.0,Some of the time,,"I think so, I dont play a ton of team games but when I do its pretty obvious I can get a lot better results playing in a team that communicates well. Sometimes being on a unorganized team can not help at all but if we are all communicating well then it is better. I think that could help me because I know that I need to be a good team player to actually get the good team results.",,Low Frequency,,,,,,,,,"The Hunter Call of the Wild ,Binding of Isaac,Far Cry Primal ,,",,,,,
807,78,True,7.0,Half of the time,,"My gaming does make me a team player. I spent a large portion of my childhood playing only team games with my siblings and friends. Due to this, I find it easier for myself to read how other people are feeling and what they want to do. A lot of people don't realize you need to consider what resources other people have before committing to something. Due to these, I think overall gaming has made me a better team player.",,High Frequency,,,,,,,,,"Marvel Rivals,Super Smash Bros. Melee,Rocket League,Minecraft,Rivals of Aether 2",,,,,
808,83,True,3.0,Most of the time,,"Yes, I am very open with communication and using strategy to get the best possible outcome.",,Low Frequency,,,,,,,,,"Call of Duty,FIFA,League of Legends,Pokemon,Madden",,,,,
809,91,True,2.0,Some of the time,,I think it does because I focus on communication and coordination.,,Low Frequency,,,,,,,,,"War Thunder,Starfield,Squad,Rocket League,Mario Kart",,,,,
810,88,True,2.0,Half of the time,,Working with others to sometimes beat the other team requires working together and working on a plan,,Low Frequency,,,,,,,,,"Fortnite,Minecraft,Zelda (BOTW/TOTK),Rocket League,Smash Ultimate",,,,,
811,89,True,2.0,Some of the time,,Some of the games I play makes me a team player because it requires me to have an open communication with my teammates in order for me to play the game properly.,,Low Frequency,,,,,,,,,"Madden ,Forza Horizon 5,Call of duty,Rocket League,Minecraft",,,,,
812,22,True,1.0,Most of the time,,"Yes, most of the game encourages positive team work, which mean tolerating team mates learning their play style and adapting to it as well as leading them.",,Low Frequency,,,,,,,,,"Balatro ,Lethal Company,Ark Survival Evolved,Factorio,Pokemon",,,,,
813,96,True,7.0,Half of the time,,"Yes because a lot of the games I play involve teamwork and coordination to ensure that we can win our games. Because of this, I've learned to communicate better when working with others, as this ensures we can complete our gaming tasks effectively and fast.",,High Frequency,,,,,,,,,"Phasmophobia,Fortnite,Mobile Legends,Marvel Rivals,Overwatch 2",,,,,
814,102,True,3.0,Half of the time,,"My gaming can make me a better team player because I have to work with my teammates to win the game. If we do not work together and do not communicate well, it usually is more chaotic and we end up losing quickly. This is especially true for games like Fortnite because if no one has your back you can lose the game easily. It is also helpful in building team spirit because it is more fun to share accomplishments with other than to be all alone. These reasons are why I believe gaming can make me a better team player.¬†",,Low Frequency,,,,,,,,,"Rocket League,Fortnite,Valorant,Gang Beasts,Overcooked",,,,,
815,81,True,7.0,Some of the time,,"Two of my 3 most played games are single player games so it doesn't really matter. But Hunt: Showdown 1896 is a team based game. In order to ""win,"" not only do you have to personally know the environment, weaponry, and other factors, you must also get to know your teammates. What strategies they use, how aggressive they are, what weapons they have, if they want money or to fight other players (a choice that can be made). How they react in stressful situations,, what advice they will give in the pursuit of victory. All of this made in the push and pull relatively slow gameplay of Hunt: Showdown. And this is in a small team or 2 or 3 people total. Putting hundreds of hours into this game has helped tune my eye and behavior in team scenarios.",,High Frequency,,,,,,,,,"Ultimate Admiral: Dreadnoughts,Hunt: Showdown 1896,Red Dead Redemption 2,n/a,n/a",,,,,
816,22,True,7.0,Most of the time,,"Absolutely. League of Legends will test and break the most resilient minds know to humankind (any surface level research of the game will instantly prove this notion, playing only 3 or 4 games will also suffice). I have learned over thousands of hours on my solo/duo-ranked-ladder-climbs that to be successful in a team you must find balance between placating aggressive teammates and making decisions that may upset them, but are ultimately correct. Sometimes making a decision or following a call may be an obvious incorrect play, but the emotional boost you give your teammates by backing them up can be worth the sacrifice. People in this game are known for their hostility, and as such by not backing them up on a bad call you may cause them to ""lose their cool"" and this can cause your team to lose the entire game on the spot. I also play with a duo (League is a 5v5 game, in ranked matchmaking only up to two players can queue for a game together) who is, and don't tell him I said this, extremely temperamental and outburst-prone. He is extremely good at the ""micro"" (micro-mechanics) of the game (legitimately in the top 1% of players) and I am much more suited for the ""macro"" (macro-mechanics) of the game (usually floating in the top 4%). We divide our efforts by our strengths, I focus on the fundamentals of the game, tempo, objectives, assisting teammates, and my friend focuses on getting himself as much resources as possible to close out the game.

When I was still a teen I played tons more team based competitive games than I have time for nowadays, all of which helped me grow as a team player, culminating into the still-developing understanding I have now of teamwork.

Games have taught me that to be an effective teammate, and even broader, to be an effective team, you must work toward balance. Micro:Macro, Emotion:Logic, Communication:Action.

Also I want to mention that the Yakuza series of games by ""Ryu Ga Gotoku"" (Èæç„ÅåÂ¶Ç„Åè) studio has taught me so much about doing what is right in the world and never faltering in helping those around you that I feel compelled to mention it at any opportunity I talk about games in this abstracted manner. Even higher than an individual level, I think the world would only benefit from more people experiencing the series. Each game I play from the series feels like it improves upon my humanity further (they even compelled me to learn a new language). This improves me as a team player because these games, though single-player games, have taught me life lessons about self-reflection, not making the same mistakes of the past, and always striving to improve the world around you. The Yakuza games have taught me that you won't always make the right call, and that sometimes there is no ""right call"", but regardless of that you must press onward, unwavering in your dedication to do what is right.

Sorry to whoever has to read all this... games are just a major aspect of who I am today and how I got here, the community I have cultivated via games and Discord has rewarded me with lifelong online and IRL friendships.",,High Frequency,,,,,,,,,"Card Games (Magic\, Balatro\, Slay the Spire),League of Legends (most played by a mile),Counter Strike (not so much now),Satisfactory,Elden Ring (favorite game\, genre\, and studio)",,,,,
817,27,True,7.0,Half of the time,,"I would like to think so, I did play competitive rocket league at my old college, The world of online and cooperative gaming forces you to quickly learn and adapt to your teams strengths and weaknesses and compensate accordingly for the most optimal outcome and in that way I feel being a ""team player"" is inherent unless you are a prodigy who can do no wrong which all of us are not. We are forced to work in a team, learn and adapt, or lose, simple.",,High Frequency,,,,,,,,,"Rocket League,Destiny 2,Mordhau,Valeheim,Cyperpunk 2077",,,,,
818,95,True,4.0,Most of the time,,"Gaming makes me a better team player because I rely on my team to succeed. While these games require individual skill, communication is required to succeed in higher divisions of players in multiplayer games. Only when teamwork is cohesive can victory be achieved.",,High Frequency,,,,,,,,,"Rocket League,Valorant,Fallout 76,WarFrame,Minecraft",,,,,
819,99,True,4.0,Half of the time,,yes makes you communicate better,,High Frequency,,,,,,,,,"cod\, rivals\, rust\, phasmophobia\, minecraft,,,,",,,,,
820,98,True,6.0,Some of the time,,"No, not for me personally. I primarily play single player, and all team-based games I am playing with close friends/family where we already work together very well, so it is just an alternative to meeting in person for those circumstances. I don't think the single player games I play translate to being a good team player in a way I can identify.",,High Frequency,,,,,,,,,"Old School Runescape,Skyrim,Total War: Warhammer III,Rocket League,Elden Ring",,,,,
821,72,True,5.0,Some of the time,,Yes gaming makes you a better team player because it makes you focus on working together and using everybody's strengths in order to finish a task.,,High Frequency,,,,,,,,,"Pokemon,Legend of Zelda,Elden ring,Assassins creed,Call of duty",,,,,
822,19,True,2.0,Some of the time,,"I mostly play alone, so I cannot answer this question.¬†",,Low Frequency,,,,,,,,,"Cult of The Lamb,Sims 4,Skyrim,Dark Souls,-",,,,,
823,97,True,2.0,Some of the time,,"I havent really done any team games recently, but when I did, It made me better with communication and working together.",,Low Frequency,,,,,,,,,"Steep,Skate,,,",,,,,
824,21,True,4.0,Some of the time,,"Absolutely. I take great pride in my ability to take criticism and identify areas for improvement in my performance without allowing negative feelings to fester internally. I still struggle with dishing it out, i.e. pointing out unhelpful patterns I see in my teammates, but if I know someone well (and I know how to convey my message with sensitivity), I have no issues with beginning conversations. Where I excel is in the de-escalation and mediation of arguments and/or impasses. Finding an acceptable solution for the entire team is synonymous with learning and adapting.",,High Frequency,,,,,,,,,"Slay the Spire,Dead Cells,Dawncaster,Overcooked,Apex Legends",,,,,
825,84,True,4.0,Never,,"No I'm a lone wolf when I play games, I don't like people slowing me down I've always been better playing solo.",,High Frequency,,,,,,,,,"Black Ops ,Fortnite ,Halo ,Minecraft ,GTA",,,,,
826,91,True,6.0,Some of the time,,"It can, I do not often play games with groups of 4 or more which often result in the others I'm playing with being competitors instead of team members, however when I play collaborative games, the people I play with more often (even as competitors) tend to be much better team members and we have much clearer communication.",,High Frequency,,,,,,,,,"Cult of the Lamb,Pokemon Mystery Dungeon,Inscryption,Minecraft,Chicken Horse",,,,,
827,95,True,3.0,Most of the time,,"It definitely does. In most team based shooters your individual skill is the most marginal aspect of winning. The most useful are communication, tactics, and team composition/filling a role.",,Low Frequency,,,,,,,,,"Counter Strike 2,Marvel Rivals,Age of Empires II,Rimworld,Rust",,,,,
828,91,True,5.0,Half of the time,,"Gaming in a sense does help me work with other people who are completely different to myself. One such team building game is called Foxhole. This game is first and foremost a team game. You cannot do a lot of fun cool things in the game such as driving a tank run any warships or using any artillery pieces without having others there to help you. Also building bases in the game you have to work with other people as the developers make it hard for individual players to build buildings by themselves. So, because of that I worked with many kinds of people with different personalities to those of my own. Through this game there are a lot of times that we disagree on things, but we tend to meet in the middle if there are any disagreements to get things done.

¬†",,High Frequency,,,,,,,,,"Command and Conquer Red Alert 3,Foxhole,Crusader Kings III,Total War Attila,Total War Three Kingdoms",,,,,
829,99,True,2.0,Some of the time,,"I would think so, as some content you just cant complete solo. There for natural roles form in a team, some one usually coordinates during game play, and strategies are developed before entering. Strengths and weaknesses are assessed and game play is adjusted. Leaning on others when help is needed, to see if they have any insight that might help.",,Low Frequency,,,,,,,,,"COD,GT7,Destiny,GTA,Forza",,,,,
830,89,True,7.0,Most of the time,,"Yes. My time playing games competitively helped me learn that everyone has unique skills, and everyone struggles with different things. Obviously, it isn't always possible to put people in charge of only their strengths, but when you can do this, everyone benefits. When you can't, try to support your teammates in ways that supplement their skills.¬†",,High Frequency,,,,,,,,,"Old School Runescape,Smite 2,Fortnite,Smite,TTRPGs (d&d\, call of cthulu)",,,,,
831,102,True,4.0,Some of the time,,"It can, depending on the game. A game like WoW has many team-oriented activities, especially the end-game raiding. The raiding is designed to be a coordinated team effort. I certainly learned how to be a better team player thanks to my experiences in WoW.",,High Frequency,,,,,,,,,"Balatro,Diablo 4,Civ 6,Shenzhen I/O,Exapunks",,,,,
832,92,True,7.0,Half of the time,,Yes I think it does as when you play multiplayer games that are team versus team you learn that it is almost impossible to carry a game and win all by yourself. This makes you think that teamwork is the only way to guarantee wins which helps you learn to become a better team player so that you can win more.¬†,,High Frequency,,,,,,,,,"Baldur's Gate 3,Rainbow Six Siege,Elden Ring,Delta Force,Path of Exile 2",,,,,
833,99,True,4.0,Most of the time,,"Yes. The online games I play are team oriented. Communicating leads to positive results, even when individual skills are lacking. I frequently find that the sum of the team is greater than the parts, but this only works when communication is organized and respectful. A lack of respect can quickly turn a team against themselves. A scorned teammate will sometimes ""throw"" a game to spite their aggressor.¬†",,High Frequency,,,,,,,,,"Rocket League,Overwatch,FIFA,Skyrim,",,,,,
834,98,True,5.0,Half of the time,,"I suppose, we have to work together on a team to solve problems as I usually like playing cooperative games instead of competitive ones.",,High Frequency,,,,,,,,,"Baulder's gate 3,Valheim,Golf With Your Friends,Kenshi,Kingdom Come: Deliverance",,,,,
835,79,True,2.0,Half of the time,,"Yes, absolutely. It allows you to communicate effectively and learn how to work with different types of people.",,Low Frequency,,,,,,,,,"Apex Legends,Rainbow Six Siege,Team Fortress 2,Garry‚Äôs Mod,The Finals",,,,,
836,94,True,1.0,Half of the time,,"Gaming definitely plays a role in developing teamwork. It has taught me the importance of sharing resources and adapting your play style to the skills of others. There is always an important role for each player no matter the skill level. I have also learned a lot about teamwork from my experiences through sports. Like, just how important it is to remain selfless and in control of your emotions. Frustration with a task, team-mate, or an opponent can often expose cracks in the team and cause division. By doing your best to keep an even keel, positive team energy, helping others, and knowing when to ask for help success will follow.",,Low Frequency,,,,,,,,,"Magic The Gathering,Old School Runescape,Rome: Total War,StarCraft,Dark and Darker",,,,,
837,95,True,4.0,Most of the time,,Communication and the ability to trust others in a team to do tasks and help out are probably the most important things that gaming has made me better at. Mostly being able to trust that a friend or teammate will have your back.,,High Frequency,,,,,,,,,"Rust,CS2,GTA5,R6,Minecraft",,,,,
838,44,True,5.0,Never,,"When I do missions in GTA V, I definitely have to be patient with others who aren't on the same page. It is also different working in a team virtually than in person since you are not able to confront people in the face or deal with them personally. So I think it definitely creates patience",,High Frequency,,,,,,,,,"Forza Horizon,GTA 5,Forza Motorsport,Skate 3,FIFA",,,,,
839,84,True,1.0,Some of the time,,"I think gaming does help to make you a better team player as you often have to make decisions to help the team rather than just to elevate your own stats. I can also say that I am not really concerned with my individual stats and usually play team games to play with my friends, which really helps to make the team actually want to work together rather than for the individuals to play the ""lone wolf"" method.",,Low Frequency,,,,,,,,,"CyberPunk 2077,Starfield,Apex,Marval Rivals,Red Alert 2",,,,,
840,41,True,1.0,Most of the time,,"No, usually makes me micromanage others.",,Low Frequency,,,,,,,,,"Civ 6,CS2,Chivalry II,Celeste,League of Legends",,,,,
841,79,True,4.0,Some of the time,,"In some of the games I play, there are several tasks that need to get accomplished for all players in the team. For instance, in a survival game like Muck or Minecraft, these could include getting armor, getting food, and building a base. If all players do these separately, their efforts are spread thin and they cannot do any one thing very well. It is usually more efficient to divide and conquer, and share the resources with the team. This is a good principle to abide by in a team in most scenarios.",,High Frequency,,,,,,,,,"Muck,Balatro,Inscryption,Minecraft,Lethal Company",,,,,
842,89,True,7.0,Always,,Because in a situation where a classmate and I are focused on the same goal I can comfortably communicate with them like I do in video games.,,High Frequency,,,,,,,,,"Fortnite,Rainbow Six Seige,Rocket League,Mount and Blade Warband,Ark Survival Evolved",,,,,
843,74,True,6.0,Half of the time,,"Without a doubt, the games I play make me a better team player. They allow me to exercise cooperative problem-solving and communication under pressure, balancing and/or aligning expectations between multiple stakeholders, etc.",,High Frequency,,,,,,,,,"Space Engineers,Rocket League,Cities: Skylines,Farming Simulator,War Thunder",,,,,
844,81,True,4.0,Some of the time,,You learn to lean on your teammates as well as understand where you need to fit into the team to be the most successful. It also helps with communicating effectively.¬†,,High Frequency,,,,,,,,,"Call of Duty,Balatro,Rocket League,Overwatch ,MLB: The Show",,,,,
845,94,True,7.0,Some of the time,,I think the need to communicate clearly with your teammates to achieve a common goal translates well to the real world and most modern working environments where the objective will be the same.¬†,,High Frequency,,,,,,,,,"FIFA,Dark Souls,Zelda,Competitive card games,Phasmophobia",,,,,
846,93,True,3.0,Always,,Being able to understand my teammates' perspective and being able to collaborate to achieve a shared common goal. Also my teammates make up my deficiencies and vice versa.,,Low Frequency,,,,,,,,,"League of Legends,Valorant,Marvel Rivals,PUBG,Rainbow 6 Siege",,,,,
847,80,True,5.0,Half of the time,,I think that gaming can greatly improve your teamwork skills in many games. It can increase your communication as you and your team work together to complete the same goal.,,High Frequency,,,,,,,,,"Fall Guys,Minecraft,Overcooked,Undertale,GTFO",,,,,
848,102,True,2.0,Some of the time,,"Yes, I am always communicating with teammates to ensure we complete goals throughout each game.",,Low Frequency,,,,,,,,,"Rimworld,Factorio,Dwarf Fortress,Baldur's Gate,Various 4x titles",,,,,
849,93,True,2.0,Half of the time,,"Growing up in the 90's, as the gaming industry had started to boom with an introduction of 3D graphics and console wars; I grew up playing a variety of video games, and game genres with and against my two younger brothers. I can't think of many games that we played around this time that focused on enhancing teamwork, as opposed to dominating your opponent. However, I do recall the enjoyment we had competing against one another, and figuring out new secrets, techniques and strategies as we continued to improve at these games.¬†

On the question of whether or not gaming makes me a better team player, I would say that it pinpoints the perspective of viewing a team as an individual unit, rather than skewing focus to the individual units of a team. Whereas a team should be viewed as a body as a whole as opposed to the individual parts of a mechanical body through the introduction of allocated roles. Each individual part has a role to play. Whether or not that role is successful attributes to the individual unit and impacts the entirety of the team, good or bad. A mechanical body is used in the sense that the individual parts can be replaced in future iterations, however in the present ""game"", you must make do with the resources at bay.

Sometimes your dealt a bad hand, the only option is to play the hand dealt and do the best you can in support of the mechanical body. With a shared objective of domination, it is not only in the individual units best interest to contribute to the best of their ability, It reflects entirely on the perspective of the team as a whole, and each other individual within that team. Therefore it in the best interest of all individuals units of a team to share resources, learn and work together in pursuit of the overall objective.",,Low Frequency,,,,,,,,,"tekken,hearthstone battlegrounds,age of empires 2,runescape,diablo 2",,,,,
850,73,False,0.0,Never,,"N/A.

I would expect yes because the goal of the game is to optimize something. If its a solo game, you'll strategize how to win / have fun. This process could help with becoming an effective team player in some ways.",,Low Frequency,,,,,,,,,"N/A,N/A,N/A,N/A,N/A",,,,,
851,93,True,3.0,Some of the time,,"I do not believe that gaming improves my skills as a team player. The games that I enjoy are (online) strategy games, and to that end, the aspect I enjoy the most in them is the satisfaction I can derive from intellectually conquering the other players.",,Low Frequency,,,,,,,,,"RuneScape,Europe Universalis IV,Hearts of Iron IV,Civilization V,Crusader Kings II",,,,,
852,92,True,1.0,Some of the time,,"I think so, success in some games depends on how well you can communicate, so if you want to win, then you adapt to do such. They also help with learning how to effectively allocate tasks which is important in teams since you don't want everybody working on the same thing, or nobody working on something.",,Low Frequency,,,,,,,,,"house flipper,raft,portal,stardew valley,plague inc evolved",,,,,
853,34,,,,,,,High Frequency,,,,,,,,,,True,6.0,Most of the time,"COD,CS2,,,","Yes it does. I think about more than just myself (at least in Counter Strike). If the team is doing bad, then I am doing something wrong."
854,41,,,,,,,Low Frequency,,,,,,,,,,True,3.0,Some of the time,"Fire Emblem,Mariokart,Animal Crossing,Splatoon,Phasmophobia","I think it depends on the type of games you are playing. If someone is playing for example MarioKart then the answer is probably no, now if you are specifically playing a mode where you are on a team then this answer changes. Using an example that has teams, like Phasmophobia, then you are probably quite good at working in a team. This game for example has everyone work together to find out what type of spirit is inhabiting the map you are on.¬†

For me personally, I think it has. Learning to work and collaborate with other people is incredibly important and can make or even break an important project. Each person brings something different to the table, and if all pieces aren't flowing well then everything else will break."
855,46,,,,,,,High Frequency,,,,,,,,,,True,5.0,Most of the time,"Elden Ring,Escape From Tarkov,Rocket League,Destiny 2,Valheim","I would like to think so, it helps to be able to coherently work in a team to achieve a similar goal while not squabbling too much or just diddling about and not getting anything done.¬†"
856,46,,,,,,,High Frequency,,,,,,,,,,True,7.0,Half of the time,"Elden Ring Nightreign,Monster Hunter: Wilds,Elden Ring,Deep Rock Galactic,Baldurs Gate 3",I think that gaming has made me a better team player. A lot of games that I play expressly rely on you and your teammates communicating effectively in order to succeed to at the very least it has taught me to communicate effectively and quickly.
857,63,,,,,,,High Frequency,,,,,,,,,,True,7.0,Some of the time,"Roblox,Minecraft,Satisfactory,Stardew Valley,Hollow Knight",Gaming can make you a team player by forcing you to rely on others. but it depends on the games design on how it forces players to interact with each other.
858,70,,,,,,,Low Frequency,,,,,,,,,,True,3.0,Most of the time,"fortnite,apex,league,,","yea, learn to communicate more efficiently"
859,71,,,,,,,High Frequency,,,,,,,,,,True,7.0,Most of the time,"Rocket League,GTA V,Star Wars Battlefront II,Minecraft,Hollow Knight","My gaming absolutely makes me a better team player, especially in online multiplayer games like Rocket League, GTA V, and Star Wars Battlefront. In GTA V, you cooperate with other players or friends to pull off heists and funding illicit businesses. This requires coordination and communication with your team members, because if anyone is eliminated even once it can be detrimental to the heist. In Rocket League, usually playing as a duo communication is an absolute necessity. Knowing whether your duo partner is in the goal, staying with the ball, or up in the air committing to a shot is essential.¬†"
860,71,,,,,,,High Frequency,,,,,,,,,,True,4.0,Never,"Minecraft,Beat Saber,Geometry Dash,BTD6,Celeste","If you play team games, it definitely can (although isn't exactly guaranteed to), but since I don't, I doubt it really affects my teamwork skills."
861,72,,,,,,,High Frequency,,,,,,,,,,True,7.0,Most of the time,"Destiny 2,Portal 2,Space Engineers,Outbreak,Red Dead Redemption 2","Yes, it forces you to understand how to effectively utilize each individuals strengths to better achieve a shared goal."
862,73,,,,,,,Low Frequency,,,,,,,,,,True,2.0,Some of the time,"Valorant,Marvel Rivals,Brahalla,Clash royal,Fortnight","Yes, since a big thing you learn while playing is that you won't make it anywhere if you try to do everything by yourself, so unless you work together in a complete way, you won't progress."
863,73,,,,,,,Low Frequency,,,,,,,,,,True,1.0,Never,"spiderman remastered,gta 5,amazing spiderman 2,call of duty black ops 3,borderlands 2","no, even in a team i go off on my own."
864,73,,,,,,,Low Frequency,,,,,,,,,,True,3.0,Half of the time,"Clash royale,Brawl stars,Fortnite,Call of duty,Multiversus","Gaming does make you a better team player because a good gamer doesn't only think about themselves, but the whole team.¬† When two or more teammates come together to problem solve, it's always better than one person trying alone.¬†"
865,73,,,,,,,Low Frequency,,,,,,,,,,True,2.0,Some of the time,"dead cells,minecraft ,the last of us,,","In minecraft, theres times where i need to stop what im working on to help others im playing with. Also finish the tasks i was ‚Äúassigned‚Äù to do with the people im playing with."
866,74,,,,,,,High Frequency,,,,,,,,,,True,5.0,Half of the time,"Phasmophobia,Call Of Duty MWII (2021),Minecraft,Apex Legends,The Forest","Yes and no, i can get things done more efficiently if i do it myself because other people tend to not use their brain. this also applies at work. But yes because im great at trying to work with people to try to achieve something when they are lost or stuck."
867,74,,,,,,,High Frequency,,,,,,,,,,True,4.0,Most of the time,"Valorant,Rocket League,PvZ Garden Warfare 2,Fortnite,Overcooked","In some games I play I have to focus on coordinating my movements and actions with others. For example in Valorant if I want to peek an angle I should have my teammate throw a flash. This works more effectively than if I threw a flash and then peeked. In others it sponsors task delegation like in overcooked. Everybody should be working on different things all the time. You have to focus on what you're doing as well as what to do next, and what your teammate is doing. So yes, I think gaming makes me a better team player as I understand one person can't do everything by themselves.¬†"
868,74,,,,,,,High Frequency,,,,,,,,,,True,6.0,Most of the time,"CS:GO,League of Legends,Marvel Rivlas,Path of Exiles1/2,Valorant","As a gaming enthusiast, I truly enjoy playing with my friends. To me, the charm of gaming lies in sharing joyful moments together and working as a team to achieve our common goals. In fact, I feel that playing without friends makes the game rather dull. Through the games I play, I have realized that every member of the team is essential. Although we may each have our shortcomings in skills or strategies, as long as we are willing to stay united and support one another, we will keep improving and develop stronger teamwork and chemistry."
869,74,,,,,,,Low Frequency,,,,,,,,,,True,3.0,Half of the time,"Skyrim,Monster Hunter Wilds,Cyberpunk 2077,Ark Survival Evolved,No Man's Sky","That's really a mixed bag, I would say that the longer I game the more easily I am able to identify a necessary role and modify my personal strategies to fill that roll. Think back to the hey day of mmorpgs and the overwhelming popularity of World of Warcraft. There were plenty of players that spent hundreds of hours grinding for gear for their favorite avatar and had to spend hours in que for dungeons waiting for availible roles in tank or dps (roles for drawing attention and doing damage respectively). I had my panda monk that specialized in healing and by doing so I had short wait times for dungeons and the better I did the more I was desired. It took intentional planning an forethought on team dynamics what roles were needed the most. Eventually you could play in peace because of the faith you developed in the ability to do my role. This was a long journery from my mid-nineties childhood programming joust in objective C in on a 3rd generation mac because internet was by the minute."
870,75,,,,,,,Low Frequency,,,,,,,,,,True,3.0,Half of the time,"Fortnite,Marvel Rivals,idk,idk,idk","I think it can from time to time, at least when it comes to communicating tasks and goals with one another to get the job done successfully (or win the game).¬†"
871,75,,,,,,,High Frequency,,,,,,,,,,True,7.0,Most of the time,"Valorant,Counter Strike 2,Deadlock,Dota 2,Siege","Yes, I believe that it does. I spend most of my time playing competitive team-based games, and it is essential that you communicate with your teammates and work together to win, so I think these skills will transfer over."
872,75,,,,,,,Low Frequency,,,,,,,,,,False,0.0,Never,"Age of Empires,Total War,gta,minecraft,lol",Yes. In games like lol everybody has different roles and being able to do the perfect combinations of action at different times it's what allows you to win¬†
873,75,,,,,,,Low Frequency,,,,,,,,,,True,2.0,Some of the time,"Deltarune,Stardew Valley,Legend of Zelda,Plants vs. Zombies,Minecraft","Playing Stardew Valley with my bestie always involves some amount of cooperation. I must admit I'm still pretty new at the game, so that's mostly me doing what I'm told to do so far üòÖ"
874,76,,,,,,,Low Frequency,,,,,,,,,,True,3.0,Some of the time,"Mario Kart 8 Deluxe,Mario Kart World ,Mario Party Jamboree ,Mario Party Super Stars ,Super Mario Party","When playing in teams, my communication becomes clearer and more direct."
875,76,,,,,,,Low Frequency,,,,,,,,,,True,3.0,Most of the time,"brawl stars,roblox,terraria,palworld,ark",My gaming makes me a better team player because I play a lot of survival games which heavily reward teamwork. In these games my friends and I effectively divide work and resources to speed up progression and effectively take down bosses or other players.
876,76,,,,,,,Low Frequency,,,,,,,,,,True,3.0,Half of the time,"NBA2K25,Rainbow Six Siege ,GTA 5,Call Of Duty ,Battlefield 6",Yes I think it makes me a better team player because something like rainbow six siege that is a team based game and without communication on the team or gadgets that everyone places your not winning the game.
877,76,,,,,,,Low Frequency,,,,,,,,,,True,2.0,Never,"Hollow Knight,Legend of Zelda: TOTK,Ori and the will of the wisps,Baba is You,Tetris","Gaming can make you a better team player if you are playing team based games, competitive or otherwise. I imagine that single player games, of the kind that I tend to engage most with, are not very helpful with teamwork other than engaging ones own problem solving skills, which can be helpful in how you contribute to and benefit from teamwork."
878,76,,,,,,,High Frequency,,,,,,,,,,True,5.0,Some of the time,"Guilty Gear: Strive,Ultrakill,Risk of Rain 2,Deltarune,Splatoon","I wouldn't really say that a lot of games I play these days focusing on team plays, most of the games I listed focus more on problem solving, quick reactions, and using the tools available to you in creative ways. The one game that I listed that is a team game, Splatoon, has pretty limited communication between players, but I think it could still help in that you learn to instinctively recognize when a teammate may need help and how to work around an objective."
879,76,,,,,,,High Frequency,,,,,,,,,,True,6.0,Half of the time,"Marvel Rivals,Balatro,Fall Guys,Fortnite,Overwatch","Yes, I think gaming with a team helps to strengthen communication in a high-stress environment."
880,76,,,,,,,Low Frequency,,,,,,,,,,True,1.0,Always,"Fifa ,NBA 2k,golf ,College football,tennis","Probably, because you get to practice communication¬†"
881,77,,,,,,,Low Frequency,,,,,,,,,,True,1.0,Some of the time,"Dark Souls Remastered,Dark Souls 3,Call of Duty,Skate 3,CSGO","Yes, learning to operate in teams to achieve some goal is the basis of teamwork. This is used in any scenario in video games where teams are involved regardless of voice chat, text chat, or any form of communication. Teamwork is always there."
882,77,,,,,,,High Frequency,,,,,,,,,,True,5.0,Most of the time,"Counter Strike 2,Valorant,Red Dead Redemption 2,League of Legends,Minecraft",I believe so. Playing games has made me more outgoing and willing to speak my mind in a team. It has also made me think more of my teammates and how I can strategically help them succeed along with me.¬†
883,77,,,,,,,High Frequency,,,,,,,,,,True,4.0,Most of the time,"Total War: Warhammer 3,Empire: Total War,Stellaris,ARMA,Hell Let Loose","I think it does. Many of the games I've played require teamwork, often with unresponsive or uncooperative teammates. 90% of the time I spend gaming is with friends online, and a reliance on trusted teammates becomes second nature at a certain point. It has enabled me to better gauge the benefits and shortcomings of my own influence on team based environments overall."
884,77,,,,,,,High Frequency,,,,,,,,,,True,6.0,Most of the time,"Cs2,Lol ,DmC,Blade and sorcery,Tft",Gaming makes me a a better team player as I have to give proper truthful information to my team in a fast and clear way. I also have to take certain responsibility for the group in order for us to move as a whole.
885,77,,,,,,,High Frequency,,,,,,,,,,True,4.0,Most of the time,"Arma reforger ,FIFA ,Rocket league ,Star Wars empire at war ,Counter strike 2","I would say operating in a team in any manner, helps improve your teamwork skills. It allows you to learn how to work with other people, even if it is in a virtual environment."
886,77,,,,,,,High Frequency,,,,,,,,,,True,7.0,Half of the time,"League of Legends,League of Legends,League of Legends,Minecraft,Deadlock","It is my belief (cultivated over thousands of hours) that the popular coordinated online video games of today's world: League of Legends, Valorant, Fortnite, R6S, etc., do NOT provide help building team skills, at least not for most players. In order to succeed in games like these, you must adopt a strategy that is entirely agnostic to the sorts of people you are playing with. This is because each match will usually have an entirely different set of people than the last and learning/coordinating with the team must, as a result, be very simple. Teamwork is something that is built on understanding and effort and the short 20-30 minutes you have during a typical gaming session do not facilitate this. Now I said¬†most players because when you play with friends or collegiate team members for CSU, for example, you end up having more time to practice with them. Otherwise, longer-term games you play with friends (Minecraft, perhaps) are better for this. It's a nuanced question but I believe this is the main contour."
887,78,,,,,,,High Frequency,,,,,,,,,,True,4.0,Half of the time,"Escape From Tarkov,CSGO,Marvel Rivals,Elden Ring,","I am a better team player when it's people I know because I am able to criticize them if they make a mistake without it being a big deal. Otherwise, I can still be good in teams with randoms if we have good chemistry or we can all pull our own weight in the game."
888,78,,,,,,,High Frequency,,,,,,,,,,True,5.0,Half of the time,"Fortnite,Counter Strike,Monster Hunter,Dune Awakening,Elden Ring","I would say this is 50/50 dependent on the game and who I am playing with. Sometimes I have to carry my regular friends, but I have a couple people that I play with that are equal or better than me that I end up being more of a team player and less of trying to carry everyone else. When I play with people at my level in a competitive environment I would say I am a good team player.¬†"
889,78,,,,,,,High Frequency,,,,,,,,,,True,7.0,Some of the time,"Elden Ring,Counter Strike 2,Elden Ring NIghtreign,Silent Hill,Resident Evil","I believe it can make a difference as you are constantly communicating; however, everything is very unchanging in games and leads to linear results. While in other real-life example things can be unknown and therefore have difficulties working together."
890,79,,,,,,,High Frequency,,,,,,,,,,True,7.0,Half of the time,"Rocket League,Pokemon,Apex,Battlefield,Marvel Rivals","Yes, I believe gaming can make you a better team player. For example, knowing your teammate's abilities in Apex or Marvel Rivals and when to utilize them, can lead to big plays that will turn the match in your team's favor. Communication with a your squad in Battlefield will make controlling points and pushing objectives easier."
891,79,,,,,,,Low Frequency,,,,,,,,,,True,1.0,Always,"COD,Fortnite,Fifa,Halo,","Yes, mainly because of the communication with other teammates. We also encourage each other, which helps our confidence."
892,79,,,,,,,High Frequency,,,,,,,,,,True,7.0,Most of the time,"League of Legends,World of Warcraft,Teamfight Tactics,Counter Strike,",I have a lot of experience practicing team communication and coordination.
893,79,,,,,,,Low Frequency,,,,,,,,,,True,3.0,Half of the time,"Peak,Stardew Valley,R.E.P.O,Minecraft,It takes two","I believe it does as I have more experience having to rely on others, as well as learning my own skills and drawbacks. One of my favorite sayings is the to have community you must invite inconvenience. And I believe the same is true with a team, having a group means dealing with others. This gives me a unique perspective on my own capacity to work with others."
894,80,,,,,,,Low Frequency,,,,,,,,,,True,2.0,Half of the time,"Overcooked,Call of Duty,Mario Kart,Elden Ring,The Last of Us","I think so. I tend to perspective flip, trying to anticipate what I may think if I were in the position others are in. This causes questions to arise, which if they feel applicable, I ask. Aside from this, I feel the games I play enable me to be communicative and clear from my mind, and to verify that others are well. Finally, I enjoy some games that are a slog, such as Dark Souls variants like Elden Ring. I take failure in stride and constantly think where I went wrong and what I can do to improve. This translates to teamwork in the sense of comradery/support and also motivation to continue.¬†"
895,80,,,,,,,High Frequency,,,,,,,,,,True,7.0,Most of the time,"Halo Wars 2,Helldivers 2,Battlefield 2042,Terraria,BeamNG.Drive","Yes. One of my most frequent games is Halo Wars 2 which is a real-time strategy game where split second decisions can make or break a game. It is also very important to be wary of your teammates' army composition and position so I know when and where to make an attack or hold a position. On top of that, every player has to manage his or her economy, balancing building units and saving or building more buildings to train more troops or gather more resources. The game truly requires 100% focus start to end. In practice, a teammate on my development team could be having a rough day or falling behind where I would take on extra work to keep the team afloat while trying to support said ""downed"" teammate. Just because someone slows down doesn't mean the project can stop.¬†"
896,80,,,,,,,High Frequency,,,,,,,,,,True,7.0,Half of the time,"Lost Ark,Minecraft,Rainbow Six Siege,Balatro,Clash of Clans","I don't see much correlation between how I game with a team and how it improves my ability to be a team player, but I think gaming definitely effects other avenues of how you approach coding. For example, I have played modded Minecraft for thousands of hours, and because of this experience, when I make mods for Minecraft, I can easily get into the perspective of the player which makes design choices exponentially easier.¬†"
897,80,,,,,,,High Frequency,,,,,,,,,,True,7.0,Half of the time,"Detroit: Human,Minecraft,Defiant (Discontinued so doenst count :(((. ) ,Valiant,","I guess it does, I know how to work in a team and protect one another while we're battling it out with others. But it's usually just my brother and me in a team with others so we usually pair up and we battle it out together with our teammates. Most of the time if I am not gaming with my brother and a team together I hate being on teams because most of the time the games will pair me up with people thatarent as skilled, and since im not THAT skilled either its a lose lose situation. So it's insteresting.¬†"
898,80,,,,,,,High Frequency,,,,,,,,,,True,5.0,Some of the time,"RB6: Siege,EU4,Stellaris,Victoria 3,Civilization",Some of the time. Usually alot of the games I play take into account knowing when a player is failing and why. Usually so I cant take advantage of it.¬†
899,81,,,,,,,Low Frequency,,,,,,,,,,True,3.0,Some of the time,"Rocket League,Grand Theft Auto 5,EA Sports College Football 25,Battlefield 6,Forza Horizon 5","Yes! I used to play a lot of Fortnite back when I was in high school with my friends where we would play as a group of 4 playing against another 24 teams of 4. Gameplan was simple, everyone would loot up with weapons and healables and we would either try to fight our way to a win or wait it out and fight it out in the final moments of the match. Either way, communication and teamwork was crucial. We communicated to each other if we found good weapons or healalbles and also when we spotted enemies we wanted to approach or were approaching us. Another thing it taught me is how important it is for everyone to be on the same page. Whenever one of my group members left to find loot alone or engage with another person it mostly lead to them being attacked by 1 or more enemies or the remaining 3 in my group being attacked by a group of 4 putting the rest of my team in a bad spot having to help the 1 getting attacked or being down a man when attacked. Moral of the story, it is important to communciate and have clear goals and objectives that everyone can adhere to as it allows for the group and its members to work more efficiently, clearly, and most of the time it results in better outcomes for both the team and its individuals."
900,81,,,,,,,Low Frequency,,,,,,,,,,True,1.0,Most of the time,",COD Bo2,,,","I don't game as much as I used to but when I did, I would definitely say yes. I used to play a lot of Rainbow 6 Siege, which requires you to be extremely focused and communicative with your team."
901,81,,,,,,,High Frequency,,,,,,,,,,True,4.0,Always,"Valorant,The Finals,Lethal Company,Osu!,Balatro","Yes I believe it does especially since the fps games that I play the most with my friends you need to have strategy in order to win. The Finals is an fps where you need to work with your trio in order to beat the three other teams of three. And only the top two of the four teams move on to the next round. So there are a bunch of strategies that come with how to execute going about winning a round to progress. Because there are so many things going on at all times, being flexible and communicating with your teammates is essential to winning.

The same goes for valorant. I think good teamwork is needed on that game possibly more than any other since most of the time, the team that wins has the better strategy assuming everyone can shoot the same."
902,82,,,,,,,High Frequency,,,,,,,,,,True,7.0,Most of the time,"Valorant,NBA2K,Persona 5 Royal,Call of Duty BO3,CS:GO","I tend to play a lot of competitive team based games, and have been for years. Valorant and CS:GO are both two games I have played for years and they're both 5v5 team based games, so I have had tons of. experience working with a multitude of teams and navigating different personalities in those to succeed and win."
903,82,,,,,,,High Frequency,,,,,,,,,,True,7.0,Half of the time,"Final Fantasy 14,League of Legends,GTFO,Minecraft,Honkai: Star Rail","Very much so yes. One of my favorite games to play is a cooperative shooter called¬†GTFO, which is known for it's difficulty and for requiring smooth teamwork between a team of 4 players in order to have any hope of passing even the earliest levels. A good GTFO run requires clean communication, understanding of your teammate's abilities, loadout, personal strengths, personal weaknesses, and depending on your team and your playstyle, leadership. This game alone has made me so much better at communicating cleanly and taught me how to be more flexible in communication depending on what my team needs. When playing with my main four group that have the most experience in the game, I can shortcut communication, ask for ""numbers"" instead of asking specifically for ammo count or tool resources, and generally trust that my team will understand, but if I'm playing with a new player, I can be much more verbose and clear.¬†And while this isn't the only cooperative game I play, it's probably the best example of how cooperative gaming has made me a better team player.¬†"
904,82,,,,,,,High Frequency,,,,,,,,,,True,5.0,Some of the time,"Hollow Knight,Outer Wilds,Slay the Princess,R.E.P.O.,Stardew Valley","Absolutely. The first true online game I played was Deep Rock Galactic, which is a cooperative online fps game. The basics of how teamwork operates in game is that there are 4 main classes of characters, each with its own abilities that are used to help the team whether that is for navigation, platforming and mobility, fighting off enemies and defending the team, etc.¬† All players must work together to complete the mission, and cooperation is well done as a core mechanic of the game with good communication systems (which are vital) in addition to the abilities the characters have. Highly recommend.¬†"
905,82,,,,,,,High Frequency,,,,,,,,,,True,7.0,Most of the time,"Marvel Rivals,The Finals,Overwatch,Peak,Cyberpunk 2077","Communication, trust, adaptation, and learning new characters are all apart of playing with my friends and random teammates in my games.¬† I believe these are all skills that can help make me a better team player.¬† Plus I am always open to leaning new games."
906,83,,,,,,,Low Frequency,,,,,,,,,,True,3.0,Half of the time,"Fortnite,Rainbow 6 Siege,Battlefield,Minecraft,REPO","my gaming makes me a better team player because it has taught me to follow instructions, give instructions, make my own calls sometimes, and carry my own weight in the team"
907,83,,,,,,,High Frequency,,,,,,,,,,True,4.0,Half of the time,"Valorant,Minecraft,REPO,Apex,Split Gate","Yes, I practice efficient communication."
908,83,,,,,,,High Frequency,,,,,,,,,,True,4.0,Most of the time,"Icarus,Civilization,Stellaris,Hell Let Loose,Ready or Not","Yes, games require coordination between your team members and consistent communication. Planning and problem solving efficiently together is the only way to ensure the team will complete objectives."
909,84,,,,,,,High Frequency,,,,,,,,,,True,4.0,Some of the time,"Call of Duty - Zombies,Minesweeper,Fortnite: Save the World,Half-Life 2,Minecraft","I do not think that gaming makes me a better team player. The few times that I do play games alongside other people, I am either with a friend that I am already comfortable playing with, or I am in a random COD lobby taking one for the team, putting the objective score above my kill/death ratio."
910,84,,,,,,,Low Frequency,,,,,,,,,,True,2.0,Half of the time,"Monster Hunter,Marvel Rivals,Peak,Warframe,Uno","Yes, I do my part as best as I can and encourage others to play the roles that best suit them. This is because I want the best results in the game's overall score."
911,84,,,,,,,High Frequency,,,,,,,,,,True,7.0,Half of the time,"Baldurs gate 3,League of Legends,Modded Minecraft,Terraria,Mario Super Sluggers (WII)","Yes, gaming makes me a (somewhat) better team player. I consider what my teammates are going through, how I can ease their troubles, and how I can make up for their weaknesses (if any), since a cooperative team wins more often than otherwise."
912,84,,,,,,,High Frequency,,,,,,,,,,True,4.0,Most of the time,"league of legends,call of duty modern warfare,minecraft,battlefield,rust","It possibly does make me a better team player in minor ways. Most of my life has been playing games as part of a team with my friends and family. Due to this, I feel like I have learned some small skills that could be translated to coding as a team. I have decent communication skills, I know how important it is to work as a cohesive unit, and it tends to be much faster and overall better if there are others that you can lean on when you need help, or vice versa.¬†"
913,84,,,,,,,High Frequency,,,,,,,,,,True,5.0,Half of the time,"Plate Up,World of Warcraft,Helldivers II,Space Engineers,Mario Kart 8","That depends entirely on the game in my experience. For games such as World of Warcraft, Plate Up, and Helldivers, the harder difficulties and encounters definitely encourage team gameplay, and if you have a good team environment, they can be incredibly fun and satisfying to conquer those harder challenges. Space Engineers is entirely different as its less about the team and more about collaboration, it shows the value of constructing something as a team and allowing it to truly evolve based on what each person contributes. Finally, Mario Kart is a great example of a game that will break friendships. The main game mode has no team aspect and is entirely you against the rest of the lobby, using every dirty underhanded trick they give you to get first place."
914,85,,,,,,,High Frequency,,,,,,,,,,True,7.0,Half of the time,"Destiny 2,The Binding of Isaac,Abiotic Factor,Party Animals,Hunt Showdown","Personally I'm not super sure, but I do think that playing team-oriented games makes me a better team player by helping me be more outgoing and communicate better with my team."
915,85,,,,,,,Low Frequency,,,,,,,,,,True,3.0,Always,"rainbow six siege,rainbow six siege,rainbow six siege,rainbow six siege,rainbow six siege",absolutely I love playing in teams. If you dont all play well and do your part your just gonna lose over and over and over again.
916,85,,,,,,,Low Frequency,,,,,,,,,,True,1.0,Most of the time,"LOL,CS2,Chivalry 2,Apex,COD",No. It makes me frustrated dealing with my or my teammates inadequacies.
917,85,,,,,,,High Frequency,,,,,,,,,,True,7.0,Never,"Super Smash Bros. Ultimate,Miles Edgeworth Ace Attorney Investigations Collection,Yo-kai Watch 2 Psychic Specters,Fire Emblem Echoes Shadows of Valentia,Pheonix Wright Ace Attorney Triology","I can't honestly say for sure what my gaming does to contribute to being a better team player, but I lean a lot more into helping others and trying to offer advice to those who are struggling. I'm also good with following instructions as whats to be done and how it will be done."
918,85,,,,,,,High Frequency,,,,,,,,,,True,4.0,Never,"NBA2k,Clash Royale,FIFA,Brawl Stars,Valorant",Gaming adds passion to a fun activity that anyone can do. Many games I've played need to tons of communication to depict battle strategies and fluid communication about what is needed when a problem occurs. Gaming values strategy and communication to succeed for the overall group's goal.¬†
919,85,,,,,,,High Frequency,,,,,,,,,,True,5.0,Always,"Smite,Rocket League,Marvel Rivals,Factorio,Deadlock","In certain ways, I think gaming can cause the god complex for some people where it is always someone else's fault. Blaming other strangers is a quick and easy way to divert the results of gameplay without any consequences. That being said, playing consistently with a group of close friends certainly has made me a better team player as it forces accountability since I can't just blame others and never see them again. We are forced to learn from our mistakes and find symbiotic roles within our games.¬†"
920,85,,,,,,,High Frequency,,,,,,,,,,True,5.0,Always,"Fortnite,Valorant,,,","Yes, my de-escalation skills and communication skills have significantly improved since playing team games. In order to do well in team games you need to communicate, which translates very well to any team environment."
921,85,,,,,,,High Frequency,,,,,,,,,,True,7.0,Most of the time,"minecraft,counter strike 2,League of legends,valorant,risk of rain 2",Gaming does help me be a better team player. Playing team games helps me know how to fit into a team and know the dynamic of it.
922,85,,,,,,,High Frequency,,,,,,,,,,True,7.0,Half of the time,"Battlefield,Minecraft,Stardew Valley,Enshrouded,Call of Duty","I believe it does! Being able to communicate strategy and points of interest in a gaming landscape can allow some players to feel more comfortable communicating with random people in real life. Of course, some may find it easier to communicate with strangers with the barrier of a face-to-face conversation alleviated, since discussion is primarily done through voice or text. But regardless, it is beneficial for practice sake!"
923,86,,,,,,,High Frequency,,,,,,,,,,True,5.0,Some of the time,"Deep Rock Galactic,Slay The Spire,Factorio,Dark Souls,Death Stranding","In team-based games, it helps you understand your role and other people's roles in the team, how to communicate what you are doing and what needs to be done. Each person is responsible for their own role, but good teamwork and communication help bridge gaps between roles.¬†"
924,86,,,,,,,Low Frequency,,,,,,,,,,True,2.0,Some of the time,"Baldur's Gate,Dungeons & Dragons Online,Cat Quest 3,Hogwarts Legacy,","Gaming helps me communicate more effectively because I have explain my thinking process and am frequently relaying my stats (e.g. health, location) to others. Also, I have to pay attention to my teammates to see how they are doing and accept influence from them.¬†"
925,86,,,,,,,Low Frequency,,,,,,,,,,True,2.0,Some of the time,"Fromsoft Games,Fire Emblem,Monster Hunter,Fortnite,Final Fantasy","Yes, playing in co-op games like battle royales or Monster Hunter makes me ensure I can communicate effectively with my team members, maximizing on opportunities that require more than one person to capitalize on, and of course maintaining a cool head when things get stressful and people get upset. Strategy games like fire emblem make me think methodically, with consideration of team member's morales, as the game includes a support system amongst your units as you fight in battles throughout a protracted war.¬†"
926,87,,,,,,,High Frequency,,,,,,,,,,True,4.0,Some of the time,"Satisfactory,BeamNG,CS2,Minecraft,Terraria",Working as a team shows the value of proper communication.
927,87,,,,,,,Low Frequency,,,,,,,,,,False,1.0,Never,",Online chess,,,","No, because I don‚Äôt participate in team video games. On the rare occasion I have played a team based video game, I am usually so bad that it detriments the team and results in discord.¬†"
928,87,,,,,,,High Frequency,,,,,,,,,,True,5.0,Most of the time,"Elden Ring,Counter Strike 2,Escape From Tarkov,Fallout 4,Skyrim","Yes, playing counter strike you have to know if your teammates know what they are doing. Even if they aren't 'good' you can still utilize them to win the game. So understanding strengths and weaknesses in yourself, your team, and the enemy is very beneficial when trying to win. But most importantly, communicating with your team on what strategy you're goin with and who goes where, does what, and when it should be executed. On the single player side of things, playing Elden Ring shows yourself what type of person you are and can be, whether you quit after your first try, find a better method to beat a boss, or continuous trial on the same boss to learn from your mistakes from previous attempts. Even though it's single player, you can always ask your friends for advice on something when you need the help, or just summon them into your world."
929,87,,,,,,,Low Frequency,,,,,,,,,,True,3.0,Half of the time,"Rocket League,Valorant,Dungeon Defenders,CS2,Hollow Knight","I would say so because often you need to do things like work with your team to win the game and that can be overcoming any difficulties such as bad teamwork, bad communication, which are things you have to deal with when working with other people.¬†"
930,87,,,,,,,High Frequency,,,,,,,,,,True,6.0,Half of the time,"Stellaris,Team Fortress 2,Space Engineers,Kerbal Space Program,Cities Skylines","I would say yes, it does. In team games, especially hero shooters like tf2, every person has a unique role. Fulfilling the role while finding ways to assist the team is what leads to victory."
931,87,,,,,,,High Frequency,,,,,,,,,,True,7.0,Some of the time,"Tekken 8,Squad,Warframe,Path of Exile,Monster Hunter","Maybe. Squad is a military simulation game where two teams of fifty players each battle for control of objectives. When playing Squad I almost always join a vehicle crew, where each person has an assigned role. If all of the individuals have some experience with their respective role, and are quick to communicate with the leader, a vehicle squad can be one of the team's most important assests. In matches where I have participated in a vehicle role, my squad has often been a significant factor in deciding the outcome of the game because of our ability to communicate effectively."
932,87,,,,,,,Low Frequency,,,,,,,,,,True,2.0,Half of the time,"Minecraft,Splatoon 3,Don't Starve Together,A Dance of Fire and Ice,WEBFISHING","Yes. Despite the mechanics of playing co-op games differing greatly from actual work, the communicative effort required to achieve goals tends to be quite similar. For me, it brings to light the two most important aspects of communication: semantic information, and tone. It is good practice communicating my opinions about next steps in a manner which does not irritate or stress out the other players, which is even more important than the information itself if the team is to communicate healthily."
933,88,,,,,,,Low Frequency,,,,,,,,,,True,3.0,Some of the time,"Crime Scene Cleaner,Stardew Valley,Disco Elysium ,Dark Cloud,Ring Fit","Probably not. I prefer to play solo games where you do all of the work. It takes the pressure off me to socialize and actually be good at the game. I definitely am worse at some games because I don't engage in the community, but I use games to turn my brain off in many ways."
934,88,,,,,,,High Frequency,,,,,,,,,,True,5.0,Some of the time,"Minecraft,Marvel Rivals,Vampire Survivors,Skyrim,Baldurs Gate 3","It does, because of a lot of games require strategizing and optimizing success. Working with other people that maybe have strength and weaknesses different to yours can help in that process by shouldering some of the weight."
935,88,,,,,,,Low Frequency,,,,,,,,,,True,1.0,Most of the time,"Rainbow Six Seige,Phasmophobia,Overwatch,,",Definity. I almost exclusively play team games because I think communication and strategy is half of the fun when playing games. Having these skills makes you better at lot of games and developing these skills makes playing the games I play more enjoyable and rewarding.
936,88,,,,,,,High Frequency,,,,,,,,,,True,4.0,Half of the time,"Elden Ring,Destiny 2,Cal of Duty,Valorant,","Yes, helps me better communicate with other people I dont know. That barrier of not knowing who you are playing with but you both have the same goal to win allows you to communicate with types of people I may never get to usually communicate with.¬†"
937,88,,,,,,,High Frequency,,,,,,,,,,True,5.0,Some of the time,"Minecraft,Valorant,Roblox,Deep Rock Galactic,Planet Coaster","I think it does make me a better team player through the unique pressure gaming puts you under. If you're in a team game, depending on the mechanics you have to work together as a team to complete the objective, and for that gaming has helped. Also, for communication as well."
938,89,,,,,,,High Frequency,,,,,,,,,,True,4.0,Some of the time,"MLB the Show 24,Ghost of Tsushima,Age of Empires 3,Baldur's Gate 3,Fortnite","I think it does, I consider myself to be a selfless person, and gaming helps bring that out in a team dynamic. I prefer to play single-player campaigns, and when I play multiplayer games nowadays, they typically are PvP. However, in the past, team based games like War Thunder, Overwatch, and a handful of others have taken up my time and gave me a true collaborative experience."
939,89,,,,,,,High Frequency,,,,,,,,,,True,5.0,Some of the time,"The Finals,Tetris,Team Fortress 2,Super Smash Brothers Ultimate,Clash Royale",I think that the main way that gaming has made me a better team player is teaching me how to communicate effectively. A lot of the time that I am playing games I am playing with people who don't play as often as me so I find myself trying to teach them competitive concepts or strategies for the game and I have had to learn how to teach people without being condescending or mean about it. I think those skills transfer well to collaborative work even without teaching anything because it allows me to communicate needs or struggle points without being confrontational.
940,90,,,,,,,High Frequency,,,,,,,,,,True,5.0,Most of the time,"Peak,Marvel Rivals,Helldivers,Split Fiction,Arma","I believe that my gaming makes me a better team player. Frequently, in the online multiplayer games I play communication is a major part of being able to win a match. Often times you play with people whom you may disagree with, or even people who will try to argue over anything. To win a match you have to be able to stay calm and find a way to communicate even with difficult players."
941,90,,,,,,,High Frequency,,,,,,,,,,True,7.0,Some of the time,"Clair Obscur Expedition 33,Hollow Knight,Mass Effect,Deep Rock Galactic,Death Stranding","I believe so, mainly because it can help you understand someone else's point of view (like in a story game with multiple main characters). Or in a multiplayer game where you have to work with a team to achieve a goal.¬†"
942,90,,,,,,,Low Frequency,,,,,,,,,,True,3.0,Half of the time,"Apex legends,COD,,,",Yes both of these games are heavily relient on your team. Apex for example is always teams of three where each person has a different ability and it is necessary to use these abilities to work. Communication is the only way to win.¬†
943,90,,,,,,,High Frequency,,,,,,,,,,True,4.0,Half of the time,"Repo,Factorio,Lethal Company,GTA 5 online,Minecraft","Yes, as I would often find myself talking with online people whom i don't know in real life to coordinate a strategy to either build something or win a game. For example,¬† the game Factorio is centered around automation and factory building. When playing with other people, we would slip up on the work.¬† I would send up our iron minds to gather resources, while my teammates would set up power generation to power the factory. Gaming promotes team collaboration, leadership skills, and cooperation to maximize our resources efficiently."
944,90,,,,,,,High Frequency,,,,,,,,,,True,6.0,Some of the time,"Minecraft,Roblox,Mario Party,Among Us,Grounded","I believe my gaming makes me a better team player to some extent, as I've learned to socialize with others online better, but I typically play by myself about 95% of the time, and I believe a lot of my other hobbies contribute more to my ability to be a team player. However, some games have taught me to be a better loser, not getting as upset when I don't win."
945,90,,,,,,,High Frequency,,,,,,,,,,True,7.0,Some of the time,"Hell Divers,Blue Prince,Your Chronicle,Balatro,Slay the Spire","Most of my gaming is single player games, however the occasions where I am playing with friends is high stress, as we play typically the hardest difficulty. This means for us, communication is key, as dropping a 500kg bomb on someone is a good way to mess up the mission. It mostly helps with compartmentalizing different things and communicating the most important things first, along with building trust in teammates. Knowing how to prioritize things and break them down is helpful in all situations, but especially in team situations."
946,91,,,,,,,High Frequency,,,,,,,,,,True,7.0,Most of the time,"league of legends,old school runescape,rainbow 6 siege,battlefield ,random games like content warning or R.E.P.O","Using league specifically, gaming makes you a better team player because it teaches you to know that what is best for you, is not always best for the entire team, so you have to problem solve on the fly to decide whether what is best for the overall team is focusing on yourself, or focusing on the rest of the team.¬†

¬†

Other random games that I play with friends like minecraft teach you to work creatively as a team, which is something different from most other team exercises where you get to see the way other people think about certain projects or approaches to a certain problem.¬†"
947,91,,,,,,,Low Frequency,,,,,,,,,,True,2.0,Most of the time,"Helldivers 2,Among Us,Satisfactory,,","Yes, I believe that it's helped me to understand that it's important to allow everyone to have their voices heard."
948,91,,,,,,,Low Frequency,,,,,,,,,,True,1.0,Most of the time,"Grounded,Dead by Daylight,Minecraft,Baba is You,Risk of Rain Returns","Yes, normally when playing social games I often help divvy up tasks, making sure that the team completes the objective while also having fun. I find I'm pretty good at gauging what everyone's skills are so they do what they are best at and most interested in."
949,91,,,,,,,High Frequency,,,,,,,,,,True,5.0,Half of the time,"Limbus Company,Super Smash Bros. Ultimate,Signalis,Slay the Princess,Deltarune","My gaming falls into three categories, usually. Cooperative gaming, which is when I play with my friends to achieve a common goal. It's helpful to know what you and your teammate's strengths are in this kind of game, and it's also helped me learn to accept help. Competitive gaming, which might seem against teamwork, has actually helped me get to know my friends better, and also made me better at tempering frustrations in order to focus more on the task at hand. Finally, story-based singleplayer games (my favorite), help me take time to myself to contemplate on what I can/can't do."
950,91,,,,,,,Low Frequency,,,,,,,,,,True,3.0,Some of the time,"Elden Ring,Minecraft,Witcher 3,Marvel Rivals,Fortnite","I believe that gaming makes you a better team player because it teaches you how to rely on others while also pulling your own weight. Especially in games with classes like Overwatch and Marvel Rivals, a proper balance between classes could be the difference between winning and losing. Games like these also teach you how to find your role without trying to take on too much of a load. For example, a tank player may drive forward toward an enemy team only to be surrounded and eliminated. If, however, the tank shields his healer and other fighters while moving toward the enemy team, all of his team members would benefit. Multiplayer games such as these teach you how to most effectively help your teammates and leave yourself in a position for them to help you as well."
951,91,,,,,,,High Frequency,,,,,,,,,,True,4.0,Some of the time,"World of Warcraft,Destiny 2,Halo,Call of Duty,Balatro","Destiny 2 and World of Warcraft require analyzing a situation, dividing people by levels of skill and familiarity, assigning each to their areas of expertise or where they will do the least damage to the team, and then executing the task with perfect or near perfect timing. They also teach you patience with people less skilled than you, humility in recognizing your faults and how to address this disparity. I think these skills translate wonderfully to becoming a team player."
952,91,,,,,,,Low Frequency,,,,,,,,,,True,1.0,Some of the time,"Don't Starve Together,Minecraft,Apex Legends,Fallout 4,Frostpunk","Most of the games I play are single player, so I don't think it's made much of an impact. For the games that are team efforts, I am really bad. The one trait I have seen improve is my patience, a very important team player skill."
953,91,,,,,,,Low Frequency,,,,,,,,,,True,1.0,Some of the time,"Stardew Valley,Minecraft,,,","Yes, the games I tend to play don't force you to work together, but in an environment that's meant to be open and creative I want to work with people. Gaming is a convenient tool for collaboration."
954,91,,,,,,,High Frequency,,,,,,,,,,True,7.0,Always,"overwatch,cs,Minecraft,Rust,Clash of clans",It does. It gives you many opportunities to communicate with others to achieve a goal. Games without goals allow you to think creatively. Sometimes it can also allow you to do things individually where others are not / cannot. Most team games require communication and team awareness. Playing to these skills in games allows you to win more often¬†
955,92,,,,,,,High Frequency,,,,,,,,,,True,7.0,Most of the time,"minecraft,warthunder,rainbow 6 siege ,roblox,",I think yes since we exchange orders and intel to each other to help the other out¬†
956,92,,,,,,,High Frequency,,,,,,,,,,True,7.0,Half of the time,"Destiny,Elden Ring,Arena Breakout Infinite,Helldivers 2,REPO","Probably not anymore. I used to do raids in Destiny, which require group puzzle solving skills. However, I haven't raided in years and play games more casually now."
957,92,,,,,,,High Frequency,,,,,,,,,,True,7.0,Half of the time,"DK Bananza,Deadlock,Cyberpunk,Mario Kart World,EU4","I think it definitely has to. I have been playing various competitive online games for probably 14 years, and so I have spent a lot of time doing that in teams. It has helped me a lot to be able to work with other people, but also focus on myself, and avoid being frustrated by others when they're doing something I disagree with."
958,92,,,,,,,High Frequency,,,,,,,,,,True,5.0,Most of the time,"Minecraft,Counter-Strike 2,osu!,Phasmophobia,Any COD game",Lots of FPS gameplay (mostly CS) requiring proper/clear callouts for collaborative communication and real-time enemy location awareness
959,93,,,,,,,Low Frequency,,,,,,,,,,True,1.0,Most of the time,"CS:GO,apex legends,Civilization VI,Plants vs. Zombies,League of Legends","In multiplayer games, I learned how to communicate, adapt to different roles, and stay calm under pressure. I also realized the importance to truth teammates and make strategies instead of just focusing on myself."
960,93,,,,,,,Low Frequency,,,,,,,,,,True,2.0,Never,"Red Dead Redemption 2,War Thunder,Cyberpunk 2077,,",I typically play single player games.¬†
961,93,,,,,,,Low Frequency,,,,,,,,,,True,3.0,Some of the time,"Split Fiction,Fortnite,Team Fortress 2,Sid Meier's Civilization VI,","Yes, gaming on a team creates opportunities to meld with other players and their styles. Depending on each players strengths and weaknesses, different dynamics of teamwork are created."
962,93,,,,,,,High Frequency,,,,,,,,,,True,6.0,Some of the time,"Dead by Daylight,Marvel Rivals,Resident Evil 4,Ghost of Tsushima ,Street Fighter 6",I am able to switch roles to support what the team needs.
963,93,,,,,,,Low Frequency,,,,,,,,,,True,3.0,Most of the time,"Clash Royale,Overwatch 2,Elden Ring,Dead by Daylight,Fnaf VR","¬† ¬† ¬† ¬† ¬†Playing games has helped me become a better team player. In multiplayer games, I‚Äôve learned how to communicate better, coordinate with others, and work together to achieve a goal. It also teaches you how to adapt quickly when plans change and how to support teammates when they need help.¬†"
964,93,,,,,,,High Frequency,,,,,,,,,,True,4.0,Never,"Undertale,Deltarune,AoT games ,Date Everything,Minecraft","I mostly play alone, since I am usually pretty bad at multiplayer games (like CoD, Fortninte, etc.). This means I don't often get to experience playing in a team itself. However, I think that playing alone has its benefits. I have plenty of time to focus on my own thing and perfect it, doing my own research and nitpicking my work. This, in my opinion, can be harder to do when you are playing in teams.¬†

I think that I behave this way when I'm in teams as well. I like to go over objectives with groups and get tasks assigned to me, but I like tackling those by myself on my own time. This way, I can make sure that I have time to do my research and look over at my work before presenting it to my classmates. Once we reconnect, we can do the same thing: look over what we have and what we have to do, assign ourselves tasks, and work on them.¬†"
965,93,,,,,,,Low Frequency,,,,,,,,,,True,2.0,Never,"Bloons Tower Defense 6,Geometry Dash,Mario Kart,Chess,Subnautica","I don't believe so, I pretty much only play games where you're alone."
966,94,,,,,,,Low Frequency,,,,,,,,,,True,2.0,Some of the time,"Sekiro,Forza Horizon 5,Elden Ring,Sleeping Dogs,Call of Duty",Yes. Gaming with others requires effective communication in order to win. This can be applied outside of video games.
967,94,,,,,,,Low Frequency,,,,,,,,,,True,1.0,Some of the time,"Population 1,Grounded,Fortnite,Red Dead Redemption 2,Brawlhalla",Yes. Gaming makes you a better team player because it teaches you how to communicate with your teammates effectively in high-stress/pressure scenarios and also teaches you how to play to your teammates' strengths.
968,94,,,,,,,High Frequency,,,,,,,,,,True,7.0,Some of the time,"Helldivers 2,Elden Ring,DOOM,ARK Survival Evolved,Brawl Stars",I think so. being able to communicate with people you are playing the game with to achieve your goal is something very common and helpful in the real world.¬†
969,94,,,,,,,High Frequency,,,,,,,,,,True,7.0,Most of the time,"Slay the Spire,League of Legends (d2),God of War,Stardew Valley,Elden Ring","If anyone who sees this has ever played or watched League of Legends they will know how much of a team game it is. A single player on either team can decide the game by playing extremely well or extremely poorly. The team has to work together to not only make up the deficit of an underperforming player, but also exceed the enemy teams stratagem to win the game. Passions run higher in League than any other online game I've played, and that makes teamwork, especially communication, that much more important."
970,94,,,,,,,Low Frequency,,,,,,,,,,True,3.0,Half of the time,"Animal Crossing,My Sims,Overcooked,Stardew Valley,Black Ops Zombies","I think my gaming does make me a good team player. I play both single and multiplayer games. I am able to work individually and as a team, which gives me more variety in my capabilities. I like to play cozy games like My Sims and Animal Crossing as a way to just relax, and I can be as creative as I want. I also enjoy playing team games like Zombies and Overcooked. I actually play these games with my husband. At first, our communication was not great, and we could barely make it through the 4th wave of zombies or the first cook. After trying it a couple of times, we figured out what the best method of communication for us was and what we were good at. However, when I play with someone else at first, it's a bit rocky, but we eventually get into a flow. When forming or joining a new team, it is hard at first because everyone has different schedules, skillsets, personalities, and forms of communication. What I learned is that if you go into something with a positive and open mindset, you can work with anyone effectively."
971,94,,,,,,,High Frequency,,,,,,,,,,True,4.0,Most of the time,"CS2,Valorant,Minecraft,Roblox,Repo","I think so. It's usual to get very toxic teammates on Valorant and CS2. I try to be a better teammate every match, so I think that makes me a good team player."
972,95,,,,,,,Low Frequency,,,,,,,,,,True,3.0,Some of the time,"F1,NHL,Assetto Corsa,Far Cry series,Hell Let Loose / Squad","Yes. In military sim games like Squad or Hell Let Loose, the player is assigned a role. To play your part in the role, it is necessary to communicate with the others members of your team (actual humans via headset) and confirm that everyone is executing their role. The individual goal is to complete smaller assignments/jobs that help the execution of the entire teams plan. Do your part and communicate with the team.¬†"
973,95,,,,,,,High Frequency,,,,,,,,,,True,7.0,Half of the time,"Stardew Valley,Overwatch,Baldur's Gate 3,Darktide,Elden Ring","Gaming has definitely taught me several things about being a team player. Every player has a role, and your role may have drastically different responsibilities than another. This doesn't mean one person is more or less important than another; instead, it's important that you learn how to properly fulfill the requirements of your own role to best assist everyone else on the team.¬†"
974,95,,,,,,,Low Frequency,,,,,,,,,,True,3.0,Most of the time,"Chivalry,Marvel Rivals,Grounded,Ark,Minecraft",yes you have to communicate to be effective especially in team based games.
975,95,,,,,,,High Frequency,,,,,,,,,,True,7.0,Half of the time,"Elden Ring: Nightreign,Terraria,Balatro,Sekiro: Shadows Die Twice,Minecraft","I think it does, because you have to cooperate to do well as a team in any gaming environment.¬†"
976,95,,,,,,,Low Frequency,,,,,,,,,,True,2.0,Some of the time,"Diablo 3,WoW,Diablo 4,COD,LoL","Yes, because I know how important it is to work in a team in order to attain a win. I mainly play solo now and I limit myself to how much I play, but World of Warcraft taught me how to be a team player when I entered my first dungeon and joined my first guild.¬†"
977,95,,,,,,,High Frequency,,,,,,,,,,True,5.0,Most of the time,"Ready or Not,Fortnite ,Hell Divers,,","Yes, 100%. We have to learn how to work with different level of skills and experiences, being both a teacher and a student. A family member half my age taught me how to play Fortnite from having no experience. Because I am a remote student, gaming in a team helps me stay connected to my loved ones. It also teaches us how to navigate challenges and frustration as a team.¬†"
978,97,,,,,,,Low Frequency,,,,,,,,,,True,2.0,Some of the time,"Overwatch,Slay The Spire,Minecraft,Dark Souls,Misc. Other","Absolutely!¬†

Communication and teamwork are paramount to victory, but further, real time feedback is the fastest way to grow; teammates can point out things you could do better in a way that you can't perceive yourself doing, and corner you into problem-solving from a different perspective. Playing as a team can allow you to see what your doing for how it benefits the group instead of how your actions benefit only yourself.¬†"
979,97,,,,,,,Low Frequency,,,,,,,,,,True,3.0,Half of the time,"Warhammer,Halo,Zelda,Belatro,Apex Legends","I think being a gamer makes a person a better team player due to it involving critical thinking, problem solving, being able to communicate with the team to accomplish a goal together. Gaming also helps complete deadlines, time management, motor skills, memory skillsets, as well as boundaries. There is a time to game, and a time to work. Coming from both sides makes it easier to work on what is important, while having time to relax."
980,97,,,,,,,High Frequency,,,,,,,,,,True,7.0,Most of the time,"Counter-Strike,RuneScape,Valorant,Warframe,Terraria",I believe it allows you to get used to dealing with individuals. Additionally learning how to work around uncooperative teammates. This in tandem with learning how to approach objectives and delegate tasks makes it a valuable learning experience.
981,97,,,,,,,High Frequency,,,,,,,,,,True,7.0,Some of the time,"Genshin Impact,Zenless Zone Zero,Cookie Run: Kingdom,Lies of P,Hollow Knight","While I don't play games with others often, the experiences that I've had have given me a better ability to understand strengths and weaknesses of each player and apply those in the most effective way possible.¬†"
982,97,,,,,,,Low Frequency,,,,,,,,,,True,3.0,Never,"Blue Prince,Minecraft,The Witness ,Balatro,Terarria","I have rarely played co-op experiences with other people, though I would say in the time that I do play with others, it makes me more competent in communication and finding common ground to things."
983,97,,,,,,,High Frequency,,,,,,,,,,True,4.0,Most of the time,"Runescape,RocketLeague,FIFA Clubs,Zombies (Call of Duty),Mario Party",I believe gaming made me a better team player in many aspects. With communication it teaches you how to communicate effectively and respectfully. Using mutual respect is important because hurting your peer/s only hurts your team in the end result. Everyone can have different levels of knowledge on a game. This can require patience as others are learning in the moment and will make mistakes. Vice versa this can be a great opportunity to learn as teammates can teach you something about the game you didn't know.
984,97,,,,,,,Low Frequency,,,,,,,,,,True,3.0,Half of the time,"Civilization 7,Guild Wars 2,7 days to die,Heros of Might and Magic 3,Path of Exile 2","Yes, generically it helps with problem solving and the ability to find and explore multiple solutions. In regards to a team it helps with communication especially in terms of efficiency, clarity, and conflict resolution."
985,97,,,,,,,Low Frequency,,,,,,,,,,True,3.0,Half of the time,"Persona 5 Royal,Fortnite,Clair Obscur: Expedition 33,Overwatch,Peak","I would say that gaming with a team has helped me become a better team player. I used to play a lot of team PVP games like Fortnite and Overwatch which made me figure out how to communicate when things got tense. Peak is a game about climbing a mountain and you talk with your friend to work together to tackle obstacles, so it requires lots of teamwork to get everyone to the top. Games like Persona and Expedition 33 are turn based RPGs where even though they are single player games it requires you to look at a party of characters and figure out what their strengths/weaknesses are and be able to put them in positions that will lead the team to victory.¬†"
986,98,,,,,,,Low Frequency,,,,,,,,,,True,2.0,Some of the time,"Horizon Zero Dawn,Rocket League,Batman Arkham Series,Assassin's Creed,Hell Divers 2","While some of my favorite games to play are single player RPG's, the one game I come back to all of the time is Rocket League (soccer with cars). Some times I play with friends, but most of the time I play with random teammates.¬†
The majority of the time that I play is without verbal communication, so you really have to take the time to observe your opponents and especially your teammates to figure out your role in the game. There's a lot of give and take, dependent on positioning, and swapping between offense and defense. Especially with the lack of verbal communication, you learn to pick up on your teammates strengths and weaknesses, and you can quickly pick up on when to assert yourself or when to hit the brakes and let your teammates take their shot."
987,98,,,,,,,Low Frequency,,,,,,,,,,True,2.0,Some of the time,",Ark,,,","I mostly play PS5 or switch with my husband and kids, it certainly builds a sense of companionship! We build and tame dinosaurs, and explore the maps together. We have 3 85"" tvs setup in our living room so we can all play online at the same time. My engineering team recently played scribble.io and it was a great team building activity.¬†"
988,98,,,,,,,High Frequency,,,,,,,,,,True,5.0,Half of the time,"Counter-Strike 2,Team Fortress 2,The Legend of Zelda,The Elder Scrolls,Overwatch 2","No. Most of the games I play are not typically or crazy ""team"" oriented. Team Fortress 2 is a casual game -- so I don't have to rely on a team and just do whatever. Counter-Strike 2 is, but I often just listen to what others tell me and do that, alongside Overwatch 2. The other two are mostly solo related."
989,98,,,,,,,High Frequency,,,,,,,,,,True,4.0,Half of the time,"KCD 2,ARMA 3,REPO,Lethal Company,Luma Island","I think it can go both ways. If you are in a game that values teamwork and there is a focus on getting through it together, then I would say I am a good team player. Some games are more joke games where you don't care about the goal, or you want to mess with your friends. That is to say, when it matters, I am a good team player and I like to work in a team; when it does not matter, my buddies and I mess around more."
990,98,,,,,,,High Frequency,,,,,,,,,,True,5.0,Most of the time,"Smite,Overwatch,Diablo 4,Rocket league ,The last of us","Overwatch has been my go to game for years and it forces me to pay attention to my teammates since I cannot win matches all by myself. A lot of times I will switch to healer so I can keep my teammates alive. So being able to switch roles to fill in any gaps my team has, is valuable.¬†"
991,98,,,,,,,Low Frequency,,,,,,,,,,True,2.0,Some of the time,"Terraria,Minecraft,Valorant,Subnautica,Halo","I think that team games can help you become a better team player because you learn to communicate with your teammates and brainstorm how to win. This means contributing ideas and skill while also allowing others to take the lead, meaning that you need to meet their wishes as well. It helps you learn the give and take and pull your own weight."
992,99,,,,,,,Low Frequency,,,,,,,,,,True,3.0,Some of the time,"Diablo,Civilization,Zelda,Mario (have kids),WoW","I think World of Warcraft (or any MMO) is a good example. Players must form a team to complete an instance (dungeon) or a raid (big dungeon). It would be impossible for a player to complete these alone. They must work as a team.

I enjoyed the teamwork. Every team member has a role. If everyone did their job, the team would most likely succeed.

I felt a level of responsibility in team-based games like this. If I don't prepare for an instance, or play to my best ability, I will let the team down."
993,99,,,,,,,High Frequency,,,,,,,,,,True,4.0,Some of the time,"Minecraft,Chess,Call of Duty,Super Smash Bros,Mortal Kombat","Does my gaming make me a better team player, my honest answer is yes with a stipulation. I believe I can contribute well to a common goal when put in this situation, such as Safe Guard on CODuty or a shared Minecraft server's goals. However, most of the games I enjoy and frequent are not team games. I enjoy games where the outcome is solely based on your input IE chess, SSB, or MK. I believe in the right scenario when working towards a common goal I become a better team player in game and the real world."
994,100,,,,,,,Low Frequency,,,,,,,,,,True,1.0,Always,"Arma,Hunt:Showdown,War of Rights,Ground Branch,Total War","Yes but one aspect causes a blind spot.

Gaming has taught me to quickly read team dynamics (and individual motivations) and adapt my interactions and even roles based on that. To me that is the motivation for me to play, searching for that commonality. I‚Äôve also learned the worst teammates aren't the least skilled players, they're the ones who work against the team (can be often skilled and highly experienced), or choose to be solo and make unilateral choices that¬† jeopardize the team (someone revives them) or blames others for their own unilateral choices.¬† I‚Äôve seen the same patterns in coding projects with developers who ignore requirements or disappear when needed most and even re-emerge wanting to be ‚Äòlate-leaders‚Äô after their poor choices caused the derailment. If there is a player with no skill but shows eagerness and is socially engaged, the game changes for me where I‚Äôm playing the game at their pace (still wanting to win) in order to make it enjoyable. I‚Äôm not a fan of people demanding others to do their play style, and that‚Äôs a behavior that snowballs into something worse. All of these aspects are in gaming and human nature.

What gaming really taught me is adaptability and understanding motivations (spotting red flags too like what they say doesn‚Äôt align with their actions). The online games I play can be between 45 minutes to 1 hour for a single match, so‚Ä¶ there is a lot of adaptability required to make the experience enjoyable yet move forward. I naturally lean toward leadership (because I create momentum, proactive communicator), but I've learned when to step back and support someone if I feel it‚Äôll help the project. The key is figuring out what each person wants and whether accommodating that moves the project forward or creates problems. I will say this, the difference between gaming and being a team player for coding is there is no schadenfreude (toxic pleasure) when seeing a very negative teammate fail. You have to have the project work, and in an occupation there is a thing called leadership traps, where if it happens there isn‚Äôt really a clear template on how to handle it since failure shouldn‚Äôt be an option (at least in my opinion) or if word gets out that it‚Äôs reach this point no one will look good."
